id_conag,fazenda_conag
924,FAZENDA DAS TRES MARIAS
931,FAZENDA DAS TRES MARIAS
976,FAZENDA DAS TRES MARIAS
1140,FAZENDA DAS TRES MARIAS
1213,FAZENDA DAS TRES MARIAS
1214,FAZENDA DAS TRES MARIAS
1405,FAZENDA DAS TRES MARIAS
7212,FAZENDA DAS TRES MARIAS
7409,FAZENDA DAS TRES MARIAS
5,FAZENDA INVERNADA
7,FAZENDA INVERNADA
13,FAZENDA INVERNADA
14,FAZENDA INVERNADA
24,FAZENDA INVERNADA
25,FAZENDA INVERNADA
26,FAZENDA INVERNADA
27,FAZENDA INVERNADA
28,FAZENDA INVERNADA
36,FAZENDA INVERNADA
37,FAZENDA INVERNADA
75,FAZENDA INVERNADA
81,FAZENDA INVERNADA
96,FAZENDA INVERNADA
98,FAZENDA INVERNADA
99,FAZENDA INVERNADA
107,FAZENDA INVERNADA
114,FAZENDA INVERNADA
130,FAZENDA INVERNADA
134,FAZENDA INVERNADA
138,FAZENDA INVERNADA
147,FAZENDA INVERNADA
148,FAZENDA INVERNADA
150,FAZENDA INVERNADA
153,FAZENDA INVERNADA
154,FAZENDA INVERNADA
163,FAZENDA INVERNADA
164,FAZENDA INVERNADA
172,FAZENDA INVERNADA
176,FAZENDA INVERNADA
180,FAZENDA INVERNADA
183,FAZENDA INVERNADA
184,FAZENDA INVERNADA
187,FAZENDA INVERNADA
188,FAZENDA INVERNADA
189,FAZENDA INVERNADA
195,FAZENDA INVERNADA
196,FAZENDA INVERNADA
198,FAZENDA INVERNADA
200,FAZENDA INVERNADA
213,FAZENDA INVERNADA
222,FAZENDA INVERNADA
225,FAZENDA INVERNADA
227,FAZENDA INVERNADA
263,FAZENDA INVERNADA
265,FAZENDA INVERNADA
266,FAZENDA INVERNADA
269,FAZENDA INVERNADA
271,FAZENDA INVERNADA
272,FAZENDA INVERNADA
273,FAZENDA INVERNADA
274,FAZENDA INVERNADA
278,FAZENDA INVERNADA
281,FAZENDA INVERNADA
285,FAZENDA INVERNADA
286,FAZENDA INVERNADA
287,FAZENDA INVERNADA
289,FAZENDA INVERNADA
290,FAZENDA INVERNADA
291,FAZENDA INVERNADA
292,FAZENDA INVERNADA
293,FAZENDA INVERNADA
294,FAZENDA INVERNADA
295,FAZENDA INVERNADA
296,FAZENDA INVERNADA
297,FAZENDA INVERNADA
298,FAZENDA INVERNADA
299,FAZENDA INVERNADA
300,FAZENDA INVERNADA
301,FAZENDA INVERNADA
302,FAZENDA INVERNADA
303,FAZENDA INVERNADA
304,FAZENDA INVERNADA
305,FAZENDA INVERNADA
326,FAZENDA INVERNADA
329,FAZENDA INVERNADA
331,FAZENDA INVERNADA
332,FAZENDA INVERNADA
335,FAZENDA INVERNADA
356,FAZENDA INVERNADA
378,FAZENDA INVERNADA
379,FAZENDA INVERNADA
380,FAZENDA INVERNADA
382,FAZENDA INVERNADA
383,FAZENDA INVERNADA
385,FAZENDA INVERNADA
387,FAZENDA INVERNADA
406,FAZENDA INVERNADA
409,FAZENDA INVERNADA
434,FAZENDA INVERNADA
441,FAZENDA INVERNADA
498,FAZENDA INVERNADA
500,FAZENDA INVERNADA
578,FAZENDA INVERNADA
579,FAZENDA INVERNADA
580,FAZENDA INVERNADA
581,FAZENDA INVERNADA
582,FAZENDA INVERNADA
583,FAZENDA INVERNADA
584,FAZENDA INVERNADA
585,FAZENDA INVERNADA
586,FAZENDA INVERNADA
587,FAZENDA INVERNADA
588,FAZENDA INVERNADA
589,FAZENDA INVERNADA
590,FAZENDA INVERNADA
591,FAZENDA INVERNADA
592,FAZENDA INVERNADA
593,FAZENDA INVERNADA
594,FAZENDA INVERNADA
595,FAZENDA INVERNADA
614,FAZENDA INVERNADA
616,FAZENDA INVERNADA
620,FAZENDA INVERNADA
621,FAZENDA INVERNADA
622,FAZENDA INVERNADA
623,FAZENDA INVERNADA
624,FAZENDA INVERNADA
625,FAZENDA INVERNADA
626,FAZENDA INVERNADA
627,FAZENDA INVERNADA
667,FAZENDA INVERNADA
668,FAZENDA INVERNADA
676,FAZENDA INVERNADA
678,FAZENDA INVERNADA
691,FAZENDA INVERNADA
695,FAZENDA INVERNADA
696,FAZENDA INVERNADA
697,FAZENDA INVERNADA
698,FAZENDA INVERNADA
699,FAZENDA INVERNADA
700,FAZENDA INVERNADA
701,FAZENDA INVERNADA
702,FAZENDA INVERNADA
703,FAZENDA INVERNADA
718,FAZENDA INVERNADA
719,FAZENDA INVERNADA
723,FAZENDA INVERNADA
725,FAZENDA INVERNADA
726,FAZENDA INVERNADA
729,FAZENDA INVERNADA
730,FAZENDA INVERNADA
731,FAZENDA INVERNADA
732,FAZENDA INVERNADA
733,FAZENDA INVERNADA
734,FAZENDA INVERNADA
747,FAZENDA INVERNADA
748,FAZENDA INVERNADA
774,FAZENDA INVERNADA
776,FAZENDA INVERNADA
778,FAZENDA INVERNADA
780,FAZENDA INVERNADA
781,FAZENDA INVERNADA
782,FAZENDA INVERNADA
785,FAZENDA INVERNADA
786,FAZENDA INVERNADA
788,FAZENDA INVERNADA
796,FAZENDA INVERNADA
797,FAZENDA INVERNADA
815,FAZENDA INVERNADA
817,FAZENDA INVERNADA
832,FAZENDA INVERNADA
833,FAZENDA INVERNADA
834,FAZENDA INVERNADA
835,FAZENDA INVERNADA
915,FAZENDA INVERNADA
917,FAZENDA INVERNADA
918,FAZENDA INVERNADA
921,FAZENDA INVERNADA
922,FAZENDA INVERNADA
936,FAZENDA INVERNADA
937,FAZENDA INVERNADA
938,FAZENDA INVERNADA
940,FAZENDA INVERNADA
947,FAZENDA INVERNADA
948,FAZENDA INVERNADA
950,FAZENDA INVERNADA
951,FAZENDA INVERNADA
953,FAZENDA INVERNADA
956,FAZENDA INVERNADA
957,FAZENDA INVERNADA
958,FAZENDA INVERNADA
960,FAZENDA INVERNADA
961,FAZENDA INVERNADA
962,FAZENDA INVERNADA
965,FAZENDA INVERNADA
966,FAZENDA INVERNADA
972,FAZENDA INVERNADA
1001,FAZENDA INVERNADA
1003,FAZENDA INVERNADA
1018,FAZENDA INVERNADA
1030,FAZENDA INVERNADA
1032,FAZENDA INVERNADA
1035,FAZENDA INVERNADA
1040,FAZENDA INVERNADA
1041,FAZENDA INVERNADA
1060,FAZENDA INVERNADA
1061,FAZENDA INVERNADA
1062,FAZENDA INVERNADA
1063,FAZENDA INVERNADA
1064,FAZENDA INVERNADA
1065,FAZENDA INVERNADA
1066,FAZENDA INVERNADA
1067,FAZENDA INVERNADA
1070,FAZENDA INVERNADA
1073,FAZENDA INVERNADA
1075,FAZENDA INVERNADA
1079,FAZENDA INVERNADA
1082,FAZENDA INVERNADA
1083,FAZENDA INVERNADA
1084,FAZENDA INVERNADA
1085,FAZENDA INVERNADA
1087,FAZENDA INVERNADA
1088,FAZENDA INVERNADA
1095,FAZENDA INVERNADA
1096,FAZENDA INVERNADA
1097,FAZENDA INVERNADA
1098,FAZENDA INVERNADA
1125,FAZENDA INVERNADA
1126,FAZENDA INVERNADA
1127,FAZENDA INVERNADA
1128,FAZENDA INVERNADA
1133,FAZENDA INVERNADA
1134,FAZENDA INVERNADA
1135,FAZENDA INVERNADA
1136,FAZENDA INVERNADA
1138,FAZENDA INVERNADA
1149,FAZENDA INVERNADA
1150,FAZENDA INVERNADA
1153,FAZENDA INVERNADA
1156,FAZENDA INVERNADA
1157,FAZENDA INVERNADA
1158,FAZENDA INVERNADA
1165,FAZENDA INVERNADA
1187,FAZENDA INVERNADA
1191,FAZENDA INVERNADA
1195,FAZENDA INVERNADA
1204,FAZENDA INVERNADA
1205,FAZENDA INVERNADA
1210,FAZENDA INVERNADA
1211,FAZENDA INVERNADA
1212,FAZENDA INVERNADA
1215,FAZENDA INVERNADA
1216,FAZENDA INVERNADA
1219,FAZENDA INVERNADA
1221,FAZENDA INVERNADA
1222,FAZENDA INVERNADA
1223,FAZENDA INVERNADA
1239,FAZENDA INVERNADA
1314,FAZENDA INVERNADA
1318,FAZENDA INVERNADA
1323,FAZENDA INVERNADA
1357,FAZENDA INVERNADA
1387,FAZENDA INVERNADA
1388,FAZENDA INVERNADA
1394,FAZENDA INVERNADA
1396,FAZENDA INVERNADA
1397,FAZENDA INVERNADA
1398,FAZENDA INVERNADA
1404,FAZENDA INVERNADA
1408,FAZENDA INVERNADA
1417,FAZENDA INVERNADA
1424,FAZENDA INVERNADA
1425,FAZENDA INVERNADA
1426,FAZENDA INVERNADA
1429,FAZENDA INVERNADA
1433,FAZENDA INVERNADA
1434,FAZENDA INVERNADA
1435,FAZENDA INVERNADA
1437,FAZENDA INVERNADA
1440,FAZENDA INVERNADA
1444,FAZENDA INVERNADA
1446,FAZENDA INVERNADA
1459,FAZENDA INVERNADA
1464,FAZENDA INVERNADA
1468,FAZENDA INVERNADA
1469,FAZENDA INVERNADA
1470,FAZENDA INVERNADA
1473,FAZENDA INVERNADA
1474,FAZENDA INVERNADA
1475,FAZENDA INVERNADA
1496,FAZENDA INVERNADA
1503,FAZENDA INVERNADA
1504,FAZENDA INVERNADA
1505,FAZENDA INVERNADA
1509,FAZENDA INVERNADA
1510,FAZENDA INVERNADA
1512,FAZENDA INVERNADA
1519,FAZENDA INVERNADA
1520,FAZENDA INVERNADA
1521,FAZENDA INVERNADA
1547,FAZENDA INVERNADA
1552,FAZENDA INVERNADA
1553,FAZENDA INVERNADA
1554,FAZENDA INVERNADA
1558,FAZENDA INVERNADA
1569,FAZENDA INVERNADA
1575,FAZENDA INVERNADA
1577,FAZENDA INVERNADA
1579,FAZENDA INVERNADA
1580,FAZENDA INVERNADA
1581,FAZENDA INVERNADA
1589,FAZENDA INVERNADA
1590,FAZENDA INVERNADA
1601,FAZENDA INVERNADA
1604,FAZENDA INVERNADA
1614,FAZENDA INVERNADA
1620,FAZENDA INVERNADA
1622,FAZENDA INVERNADA
1623,FAZENDA INVERNADA
1624,FAZENDA INVERNADA
1629,FAZENDA INVERNADA
1632,FAZENDA INVERNADA
1633,FAZENDA INVERNADA
1634,FAZENDA INVERNADA
1649,FAZENDA INVERNADA
1650,FAZENDA INVERNADA
1651,FAZENDA INVERNADA
1654,FAZENDA INVERNADA
1659,FAZENDA INVERNADA
1660,FAZENDA INVERNADA
1661,FAZENDA INVERNADA
1662,FAZENDA INVERNADA
1663,FAZENDA INVERNADA
1664,FAZENDA INVERNADA
1666,FAZENDA INVERNADA
1668,FAZENDA INVERNADA
1673,FAZENDA INVERNADA
1675,FAZENDA INVERNADA
1687,FAZENDA INVERNADA
1698,FAZENDA INVERNADA
1699,FAZENDA INVERNADA
1716,FAZENDA INVERNADA
1717,FAZENDA INVERNADA
1726,FAZENDA INVERNADA
1769,FAZENDA INVERNADA
1773,FAZENDA INVERNADA
1774,FAZENDA INVERNADA
1775,FAZENDA INVERNADA
1776,FAZENDA INVERNADA
1777,FAZENDA INVERNADA
1791,FAZENDA INVERNADA
1792,FAZENDA INVERNADA
1793,FAZENDA INVERNADA
1794,FAZENDA INVERNADA
1795,FAZENDA INVERNADA
1799,FAZENDA INVERNADA
1801,FAZENDA INVERNADA
1806,FAZENDA INVERNADA
1807,FAZENDA INVERNADA
1808,FAZENDA INVERNADA
1809,FAZENDA INVERNADA
1810,FAZENDA INVERNADA
1811,FAZENDA INVERNADA
1816,FAZENDA INVERNADA
1817,FAZENDA INVERNADA
1818,FAZENDA INVERNADA
1819,FAZENDA INVERNADA
1820,FAZENDA INVERNADA
1821,FAZENDA INVERNADA
1858,FAZENDA INVERNADA
1859,FAZENDA INVERNADA
1860,FAZENDA INVERNADA
1870,FAZENDA INVERNADA
1871,FAZENDA INVERNADA
1879,FAZENDA INVERNADA
1884,FAZENDA INVERNADA
1885,FAZENDA INVERNADA
1886,FAZENDA INVERNADA
1887,FAZENDA INVERNADA
1900,FAZENDA INVERNADA
1901,FAZENDA INVERNADA
1902,FAZENDA INVERNADA
1903,FAZENDA INVERNADA
1904,FAZENDA INVERNADA
1905,FAZENDA INVERNADA
1906,FAZENDA INVERNADA
1907,FAZENDA INVERNADA
1912,FAZENDA INVERNADA
1915,FAZENDA INVERNADA
1920,FAZENDA INVERNADA
1922,FAZENDA INVERNADA
1923,FAZENDA INVERNADA
1924,FAZENDA INVERNADA
1925,FAZENDA INVERNADA
1928,FAZENDA INVERNADA
1932,FAZENDA INVERNADA
1933,FAZENDA INVERNADA
1935,FAZENDA INVERNADA
1938,FAZENDA INVERNADA
1939,FAZENDA INVERNADA
1943,FAZENDA INVERNADA
1944,FAZENDA INVERNADA
1946,FAZENDA INVERNADA
1947,FAZENDA INVERNADA
1948,FAZENDA INVERNADA
1949,FAZENDA INVERNADA
1960,FAZENDA INVERNADA
1972,FAZENDA INVERNADA
1973,FAZENDA INVERNADA
1974,FAZENDA INVERNADA
1975,FAZENDA INVERNADA
1977,FAZENDA INVERNADA
1978,FAZENDA INVERNADA
1982,FAZENDA INVERNADA
1985,FAZENDA INVERNADA
1986,FAZENDA INVERNADA
1996,FAZENDA INVERNADA
1997,FAZENDA INVERNADA
1998,FAZENDA INVERNADA
2003,FAZENDA INVERNADA
2004,FAZENDA INVERNADA
2005,FAZENDA INVERNADA
2021,FAZENDA INVERNADA
2026,FAZENDA INVERNADA
2035,FAZENDA INVERNADA
2039,FAZENDA INVERNADA
2041,FAZENDA INVERNADA
2042,FAZENDA INVERNADA
2043,FAZENDA INVERNADA
2044,FAZENDA INVERNADA
2045,FAZENDA INVERNADA
2053,FAZENDA INVERNADA
2054,FAZENDA INVERNADA
2055,FAZENDA INVERNADA
2056,FAZENDA INVERNADA
2079,FAZENDA INVERNADA
2080,FAZENDA INVERNADA
2088,FAZENDA INVERNADA
2089,FAZENDA INVERNADA
2090,FAZENDA INVERNADA
2091,FAZENDA INVERNADA
2092,FAZENDA INVERNADA
2093,FAZENDA INVERNADA
2099,FAZENDA INVERNADA
2100,FAZENDA INVERNADA
2101,FAZENDA INVERNADA
2103,FAZENDA INVERNADA
2122,FAZENDA INVERNADA
2126,FAZENDA INVERNADA
2127,FAZENDA INVERNADA
2128,FAZENDA INVERNADA
2129,FAZENDA INVERNADA
2144,FAZENDA INVERNADA
2145,FAZENDA INVERNADA
2148,FAZENDA INVERNADA
2149,FAZENDA INVERNADA
2150,FAZENDA INVERNADA
2151,FAZENDA INVERNADA
2152,FAZENDA INVERNADA
2153,FAZENDA INVERNADA
2154,FAZENDA INVERNADA
2155,FAZENDA INVERNADA
2167,FAZENDA INVERNADA
2171,FAZENDA INVERNADA
2172,FAZENDA INVERNADA
2173,FAZENDA INVERNADA
2178,FAZENDA INVERNADA
2179,FAZENDA INVERNADA
2180,FAZENDA INVERNADA
2181,FAZENDA INVERNADA
2182,FAZENDA INVERNADA
2184,FAZENDA INVERNADA
2185,FAZENDA INVERNADA
2192,FAZENDA INVERNADA
2193,FAZENDA INVERNADA
2194,FAZENDA INVERNADA
2197,FAZENDA INVERNADA
2202,FAZENDA INVERNADA
2203,FAZENDA INVERNADA
2208,FAZENDA INVERNADA
2209,FAZENDA INVERNADA
2210,FAZENDA INVERNADA
2211,FAZENDA INVERNADA
2213,FAZENDA INVERNADA
2227,FAZENDA INVERNADA
2228,FAZENDA INVERNADA
2237,FAZENDA INVERNADA
2239,FAZENDA INVERNADA
2248,FAZENDA INVERNADA
2254,FAZENDA INVERNADA
2266,FAZENDA INVERNADA
2271,FAZENDA INVERNADA
2272,FAZENDA INVERNADA
2274,FAZENDA INVERNADA
2275,FAZENDA INVERNADA
2302,FAZENDA INVERNADA
2310,FAZENDA INVERNADA
2311,FAZENDA INVERNADA
2314,FAZENDA INVERNADA
2318,FAZENDA INVERNADA
2324,FAZENDA INVERNADA
2328,FAZENDA INVERNADA
2332,FAZENDA INVERNADA
2346,FAZENDA INVERNADA
2347,FAZENDA INVERNADA
2348,FAZENDA INVERNADA
2354,FAZENDA INVERNADA
2356,FAZENDA INVERNADA
2359,FAZENDA INVERNADA
2360,FAZENDA INVERNADA
2366,FAZENDA INVERNADA
2370,FAZENDA INVERNADA
2371,FAZENDA INVERNADA
2373,FAZENDA INVERNADA
2386,FAZENDA INVERNADA
2387,FAZENDA INVERNADA
2388,FAZENDA INVERNADA
2389,FAZENDA INVERNADA
2396,FAZENDA INVERNADA
2397,FAZENDA INVERNADA
2398,FAZENDA INVERNADA
2399,FAZENDA INVERNADA
2404,FAZENDA INVERNADA
2414,FAZENDA INVERNADA
2418,FAZENDA INVERNADA
2425,FAZENDA INVERNADA
2427,FAZENDA INVERNADA
2428,FAZENDA INVERNADA
2438,FAZENDA INVERNADA
2441,FAZENDA INVERNADA
2482,FAZENDA INVERNADA
2483,FAZENDA INVERNADA
2495,FAZENDA INVERNADA
2497,FAZENDA INVERNADA
2501,FAZENDA INVERNADA
2502,FAZENDA INVERNADA
2503,FAZENDA INVERNADA
2513,FAZENDA INVERNADA
2521,FAZENDA INVERNADA
2522,FAZENDA INVERNADA
2523,FAZENDA INVERNADA
2531,FAZENDA INVERNADA
2590,FAZENDA INVERNADA
2600,FAZENDA INVERNADA
2601,FAZENDA INVERNADA
2603,FAZENDA INVERNADA
2604,FAZENDA INVERNADA
2607,FAZENDA INVERNADA
2609,FAZENDA INVERNADA
2610,FAZENDA INVERNADA
2611,FAZENDA INVERNADA
2612,FAZENDA INVERNADA
2617,FAZENDA INVERNADA
2627,FAZENDA INVERNADA
2628,FAZENDA INVERNADA
2636,FAZENDA INVERNADA
2638,FAZENDA INVERNADA
2639,FAZENDA INVERNADA
2644,FAZENDA INVERNADA
2645,FAZENDA INVERNADA
2653,FAZENDA INVERNADA
2659,FAZENDA INVERNADA
2662,FAZENDA INVERNADA
2667,FAZENDA INVERNADA
2680,FAZENDA INVERNADA
2684,FAZENDA INVERNADA
2690,FAZENDA INVERNADA
2704,FAZENDA INVERNADA
2706,FAZENDA INVERNADA
2709,FAZENDA INVERNADA
2710,FAZENDA INVERNADA
2711,FAZENDA INVERNADA
2718,FAZENDA INVERNADA
2719,FAZENDA INVERNADA
2720,FAZENDA INVERNADA
2727,FAZENDA INVERNADA
2729,FAZENDA INVERNADA
2732,FAZENDA INVERNADA
2733,FAZENDA INVERNADA
2735,FAZENDA INVERNADA
2736,FAZENDA INVERNADA
2739,FAZENDA INVERNADA
2740,FAZENDA INVERNADA
2741,FAZENDA INVERNADA
2751,FAZENDA INVERNADA
2752,FAZENDA INVERNADA
2759,FAZENDA INVERNADA
2767,FAZENDA INVERNADA
2769,FAZENDA INVERNADA
2770,FAZENDA INVERNADA
2773,FAZENDA INVERNADA
2784,FAZENDA INVERNADA
2787,FAZENDA INVERNADA
2790,FAZENDA INVERNADA
2791,FAZENDA INVERNADA
2800,FAZENDA INVERNADA
2801,FAZENDA INVERNADA
2806,FAZENDA INVERNADA
2807,FAZENDA INVERNADA
2809,FAZENDA INVERNADA
2810,FAZENDA INVERNADA
2812,FAZENDA INVERNADA
2813,FAZENDA INVERNADA
2814,FAZENDA INVERNADA
2815,FAZENDA INVERNADA
2816,FAZENDA INVERNADA
2822,FAZENDA INVERNADA
2823,FAZENDA INVERNADA
2824,FAZENDA INVERNADA
2825,FAZENDA INVERNADA
2826,FAZENDA INVERNADA
2885,FAZENDA INVERNADA
2895,FAZENDA INVERNADA
2898,FAZENDA INVERNADA
2899,FAZENDA INVERNADA
2903,FAZENDA INVERNADA
2910,FAZENDA INVERNADA
2911,FAZENDA INVERNADA
2912,FAZENDA INVERNADA
2913,FAZENDA INVERNADA
2916,FAZENDA INVERNADA
2924,FAZENDA INVERNADA
2925,FAZENDA INVERNADA
2928,FAZENDA INVERNADA
2929,FAZENDA INVERNADA
2942,FAZENDA INVERNADA
2948,FAZENDA INVERNADA
2950,FAZENDA INVERNADA
2951,FAZENDA INVERNADA
2952,FAZENDA INVERNADA
2953,FAZENDA INVERNADA
2954,FAZENDA INVERNADA
2962,FAZENDA INVERNADA
2979,FAZENDA INVERNADA
2981,FAZENDA INVERNADA
2986,FAZENDA INVERNADA
2987,FAZENDA INVERNADA
2989,FAZENDA INVERNADA
2991,FAZENDA INVERNADA
2995,FAZENDA INVERNADA
2997,FAZENDA INVERNADA
2998,FAZENDA INVERNADA
3000,FAZENDA INVERNADA
3001,FAZENDA INVERNADA
3002,FAZENDA INVERNADA
3003,FAZENDA INVERNADA
3010,FAZENDA INVERNADA
3011,FAZENDA INVERNADA
3016,FAZENDA INVERNADA
3017,FAZENDA INVERNADA
3018,FAZENDA INVERNADA
3031,FAZENDA INVERNADA
3032,FAZENDA INVERNADA
3033,FAZENDA INVERNADA
3036,FAZENDA INVERNADA
3037,FAZENDA INVERNADA
3038,FAZENDA INVERNADA
3039,FAZENDA INVERNADA
3091,FAZENDA INVERNADA
3133,FAZENDA INVERNADA
3134,FAZENDA INVERNADA
3136,FAZENDA INVERNADA
3139,FAZENDA INVERNADA
3140,FAZENDA INVERNADA
3144,FAZENDA INVERNADA
3150,FAZENDA INVERNADA
3154,FAZENDA INVERNADA
3164,FAZENDA INVERNADA
3165,FAZENDA INVERNADA
3166,FAZENDA INVERNADA
3168,FAZENDA INVERNADA
3185,FAZENDA INVERNADA
3186,FAZENDA INVERNADA
3193,FAZENDA INVERNADA
3194,FAZENDA INVERNADA
3195,FAZENDA INVERNADA
3205,FAZENDA INVERNADA
3225,FAZENDA INVERNADA
3226,FAZENDA INVERNADA
3228,FAZENDA INVERNADA
3231,FAZENDA INVERNADA
3233,FAZENDA INVERNADA
3238,FAZENDA INVERNADA
3244,FAZENDA INVERNADA
3245,FAZENDA INVERNADA
3246,FAZENDA INVERNADA
3247,FAZENDA INVERNADA
3252,FAZENDA INVERNADA
3253,FAZENDA INVERNADA
3254,FAZENDA INVERNADA
3255,FAZENDA INVERNADA
3257,FAZENDA INVERNADA
3261,FAZENDA INVERNADA
3262,FAZENDA INVERNADA
3287,FAZENDA INVERNADA
3288,FAZENDA INVERNADA
3289,FAZENDA INVERNADA
3291,FAZENDA INVERNADA
3323,FAZENDA INVERNADA
3324,FAZENDA INVERNADA
3325,FAZENDA INVERNADA
3328,FAZENDA INVERNADA
3334,FAZENDA INVERNADA
3345,FAZENDA INVERNADA
3347,FAZENDA INVERNADA
3349,FAZENDA INVERNADA
3350,FAZENDA INVERNADA
3352,FAZENDA INVERNADA
3368,FAZENDA INVERNADA
3371,FAZENDA INVERNADA
3375,FAZENDA INVERNADA
3377,FAZENDA INVERNADA
3378,FAZENDA INVERNADA
3379,FAZENDA INVERNADA
3381,FAZENDA INVERNADA
3386,FAZENDA INVERNADA
3387,FAZENDA INVERNADA
3395,FAZENDA INVERNADA
3397,FAZENDA INVERNADA
3398,FAZENDA INVERNADA
3399,FAZENDA INVERNADA
3410,FAZENDA INVERNADA
3411,FAZENDA INVERNADA
3412,FAZENDA INVERNADA
3413,FAZENDA INVERNADA
3415,FAZENDA INVERNADA
3416,FAZENDA INVERNADA
3417,FAZENDA INVERNADA
3418,FAZENDA INVERNADA
3419,FAZENDA INVERNADA
3420,FAZENDA INVERNADA
3421,FAZENDA INVERNADA
3423,FAZENDA INVERNADA
3424,FAZENDA INVERNADA
3425,FAZENDA INVERNADA
3427,FAZENDA INVERNADA
3428,FAZENDA INVERNADA
3430,FAZENDA INVERNADA
3432,FAZENDA INVERNADA
3445,FAZENDA INVERNADA
3446,FAZENDA INVERNADA
3447,FAZENDA INVERNADA
3448,FAZENDA INVERNADA
3450,FAZENDA INVERNADA
3451,FAZENDA INVERNADA
3454,FAZENDA INVERNADA
3458,FAZENDA INVERNADA
3459,FAZENDA INVERNADA
3460,FAZENDA INVERNADA
3463,FAZENDA INVERNADA
3464,FAZENDA INVERNADA
3465,FAZENDA INVERNADA
3466,FAZENDA INVERNADA
3467,FAZENDA INVERNADA
3469,FAZENDA INVERNADA
3470,FAZENDA INVERNADA
3486,FAZENDA INVERNADA
3492,FAZENDA INVERNADA
3493,FAZENDA INVERNADA
3494,FAZENDA INVERNADA
3495,FAZENDA INVERNADA
3509,FAZENDA INVERNADA
3511,FAZENDA INVERNADA
3512,FAZENDA INVERNADA
3515,FAZENDA INVERNADA
3516,FAZENDA INVERNADA
3517,FAZENDA INVERNADA
3518,FAZENDA INVERNADA
3519,FAZENDA INVERNADA
3520,FAZENDA INVERNADA
3522,FAZENDA INVERNADA
3536,FAZENDA INVERNADA
3537,FAZENDA INVERNADA
3538,FAZENDA INVERNADA
3541,FAZENDA INVERNADA
3542,FAZENDA INVERNADA
3543,FAZENDA INVERNADA
3544,FAZENDA INVERNADA
3558,FAZENDA INVERNADA
3561,FAZENDA INVERNADA
3576,FAZENDA INVERNADA
3577,FAZENDA INVERNADA
3581,FAZENDA INVERNADA
3582,FAZENDA INVERNADA
3583,FAZENDA INVERNADA
3584,FAZENDA INVERNADA
3585,FAZENDA INVERNADA
3592,FAZENDA INVERNADA
3597,FAZENDA INVERNADA
3599,FAZENDA INVERNADA
3600,FAZENDA INVERNADA
3602,FAZENDA INVERNADA
3603,FAZENDA INVERNADA
3613,FAZENDA INVERNADA
3615,FAZENDA INVERNADA
3621,FAZENDA INVERNADA
3623,FAZENDA INVERNADA
3624,FAZENDA INVERNADA
3630,FAZENDA INVERNADA
3631,FAZENDA INVERNADA
3632,FAZENDA INVERNADA
3635,FAZENDA INVERNADA
3639,FAZENDA INVERNADA
3643,FAZENDA INVERNADA
3644,FAZENDA INVERNADA
3654,FAZENDA INVERNADA
3656,FAZENDA INVERNADA
3657,FAZENDA INVERNADA
3664,FAZENDA INVERNADA
3667,FAZENDA INVERNADA
3673,FAZENDA INVERNADA
3678,FAZENDA INVERNADA
3685,FAZENDA INVERNADA
3686,FAZENDA INVERNADA
3687,FAZENDA INVERNADA
3688,FAZENDA INVERNADA
3689,FAZENDA INVERNADA
3704,FAZENDA INVERNADA
3718,FAZENDA INVERNADA
3722,FAZENDA INVERNADA
3727,FAZENDA INVERNADA
3728,FAZENDA INVERNADA
3733,FAZENDA INVERNADA
3734,FAZENDA INVERNADA
3737,FAZENDA INVERNADA
3739,FAZENDA INVERNADA
3740,FAZENDA INVERNADA
3741,FAZENDA INVERNADA
3742,FAZENDA INVERNADA
3743,FAZENDA INVERNADA
3744,FAZENDA INVERNADA
3754,FAZENDA INVERNADA
3756,FAZENDA INVERNADA
3757,FAZENDA INVERNADA
3770,FAZENDA INVERNADA
3775,FAZENDA INVERNADA
3777,FAZENDA INVERNADA
3782,FAZENDA INVERNADA
3783,FAZENDA INVERNADA
3786,FAZENDA INVERNADA
3797,FAZENDA INVERNADA
3798,FAZENDA INVERNADA
3800,FAZENDA INVERNADA
3802,FAZENDA INVERNADA
3804,FAZENDA INVERNADA
3811,FAZENDA INVERNADA
3812,FAZENDA INVERNADA
3813,FAZENDA INVERNADA
3829,FAZENDA INVERNADA
3833,FAZENDA INVERNADA
3835,FAZENDA INVERNADA
3837,FAZENDA INVERNADA
3840,FAZENDA INVERNADA
3841,FAZENDA INVERNADA
3868,FAZENDA INVERNADA
3870,FAZENDA INVERNADA
3876,FAZENDA INVERNADA
3879,FAZENDA INVERNADA
3880,FAZENDA INVERNADA
3881,FAZENDA INVERNADA
3882,FAZENDA INVERNADA
3883,FAZENDA INVERNADA
3884,FAZENDA INVERNADA
3885,FAZENDA INVERNADA
3886,FAZENDA INVERNADA
3887,FAZENDA INVERNADA
3888,FAZENDA INVERNADA
3889,FAZENDA INVERNADA
3890,FAZENDA INVERNADA
3891,FAZENDA INVERNADA
3892,FAZENDA INVERNADA
3893,FAZENDA INVERNADA
3894,FAZENDA INVERNADA
3895,FAZENDA INVERNADA
3896,FAZENDA INVERNADA
3897,FAZENDA INVERNADA
3983,FAZENDA INVERNADA
3986,FAZENDA INVERNADA
3988,FAZENDA INVERNADA
3996,FAZENDA INVERNADA
3998,FAZENDA INVERNADA
3999,FAZENDA INVERNADA
4000,FAZENDA INVERNADA
4001,FAZENDA INVERNADA
4004,FAZENDA INVERNADA
4005,FAZENDA INVERNADA
4006,FAZENDA INVERNADA
4007,FAZENDA INVERNADA
4008,FAZENDA INVERNADA
4009,FAZENDA INVERNADA
4010,FAZENDA INVERNADA
4018,FAZENDA INVERNADA
4020,FAZENDA INVERNADA
4023,FAZENDA INVERNADA
4024,FAZENDA INVERNADA
4025,FAZENDA INVERNADA
4032,FAZENDA INVERNADA
4033,FAZENDA INVERNADA
4040,FAZENDA INVERNADA
4041,FAZENDA INVERNADA
4042,FAZENDA INVERNADA
4044,FAZENDA INVERNADA
4045,FAZENDA INVERNADA
4046,FAZENDA INVERNADA
4047,FAZENDA INVERNADA
4048,FAZENDA INVERNADA
4049,FAZENDA INVERNADA
4050,FAZENDA INVERNADA
4051,FAZENDA INVERNADA
4052,FAZENDA INVERNADA
4071,FAZENDA INVERNADA
4082,FAZENDA INVERNADA
4083,FAZENDA INVERNADA
4084,FAZENDA INVERNADA
4085,FAZENDA INVERNADA
4086,FAZENDA INVERNADA
4087,FAZENDA INVERNADA
4088,FAZENDA INVERNADA
4089,FAZENDA INVERNADA
4090,FAZENDA INVERNADA
4091,FAZENDA INVERNADA
4094,FAZENDA INVERNADA
4098,FAZENDA INVERNADA
4099,FAZENDA INVERNADA
4100,FAZENDA INVERNADA
4110,FAZENDA INVERNADA
4113,FAZENDA INVERNADA
4114,FAZENDA INVERNADA
4118,FAZENDA INVERNADA
4120,FAZENDA INVERNADA
4121,FAZENDA INVERNADA
4122,FAZENDA INVERNADA
4123,FAZENDA INVERNADA
4125,FAZENDA INVERNADA
4126,FAZENDA INVERNADA
4133,FAZENDA INVERNADA
4134,FAZENDA INVERNADA
4135,FAZENDA INVERNADA
4139,FAZENDA INVERNADA
4140,FAZENDA INVERNADA
4141,FAZENDA INVERNADA
4146,FAZENDA INVERNADA
4147,FAZENDA INVERNADA
4149,FAZENDA INVERNADA
4152,FAZENDA INVERNADA
4156,FAZENDA INVERNADA
4157,FAZENDA INVERNADA
4158,FAZENDA INVERNADA
4183,FAZENDA INVERNADA
4196,FAZENDA INVERNADA
4197,FAZENDA INVERNADA
4198,FAZENDA INVERNADA
4201,FAZENDA INVERNADA
4202,FAZENDA INVERNADA
4205,FAZENDA INVERNADA
4209,FAZENDA INVERNADA
4210,FAZENDA INVERNADA
4211,FAZENDA INVERNADA
4246,FAZENDA INVERNADA
4257,FAZENDA INVERNADA
4258,FAZENDA INVERNADA
4260,FAZENDA INVERNADA
4281,FAZENDA INVERNADA
4282,FAZENDA INVERNADA
4297,FAZENDA INVERNADA
4304,FAZENDA INVERNADA
4305,FAZENDA INVERNADA
4306,FAZENDA INVERNADA
4307,FAZENDA INVERNADA
4308,FAZENDA INVERNADA
4320,FAZENDA INVERNADA
4321,FAZENDA INVERNADA
4348,FAZENDA INVERNADA
4355,FAZENDA INVERNADA
4356,FAZENDA INVERNADA
4357,FAZENDA INVERNADA
4360,FAZENDA INVERNADA
4361,FAZENDA INVERNADA
4362,FAZENDA INVERNADA
4372,FAZENDA INVERNADA
4375,FAZENDA INVERNADA
4376,FAZENDA INVERNADA
4413,FAZENDA INVERNADA
4414,FAZENDA INVERNADA
4415,FAZENDA INVERNADA
4417,FAZENDA INVERNADA
4418,FAZENDA INVERNADA
4419,FAZENDA INVERNADA
4420,FAZENDA INVERNADA
4421,FAZENDA INVERNADA
4422,FAZENDA INVERNADA
4423,FAZENDA INVERNADA
4427,FAZENDA INVERNADA
4434,FAZENDA INVERNADA
4435,FAZENDA INVERNADA
4437,FAZENDA INVERNADA
4438,FAZENDA INVERNADA
4440,FAZENDA INVERNADA
4449,FAZENDA INVERNADA
4455,FAZENDA INVERNADA
4469,FAZENDA INVERNADA
4470,FAZENDA INVERNADA
4474,FAZENDA INVERNADA
4475,FAZENDA INVERNADA
4476,FAZENDA INVERNADA
4478,FAZENDA INVERNADA
4492,FAZENDA INVERNADA
4499,FAZENDA INVERNADA
4502,FAZENDA INVERNADA
4520,FAZENDA INVERNADA
4538,FAZENDA INVERNADA
4544,FAZENDA INVERNADA
4546,FAZENDA INVERNADA
4547,FAZENDA INVERNADA
4548,FAZENDA INVERNADA
4549,FAZENDA INVERNADA
4550,FAZENDA INVERNADA
4553,FAZENDA INVERNADA
4554,FAZENDA INVERNADA
4555,FAZENDA INVERNADA
4556,FAZENDA INVERNADA
4557,FAZENDA INVERNADA
4558,FAZENDA INVERNADA
4559,FAZENDA INVERNADA
4568,FAZENDA INVERNADA
4575,FAZENDA INVERNADA
4576,FAZENDA INVERNADA
4577,FAZENDA INVERNADA
4582,FAZENDA INVERNADA
4587,FAZENDA INVERNADA
4589,FAZENDA INVERNADA
4603,FAZENDA INVERNADA
4607,FAZENDA INVERNADA
4621,FAZENDA INVERNADA
4639,FAZENDA INVERNADA
4640,FAZENDA INVERNADA
4642,FAZENDA INVERNADA
4652,FAZENDA INVERNADA
4653,FAZENDA INVERNADA
4656,FAZENDA INVERNADA
4689,FAZENDA INVERNADA
4692,FAZENDA INVERNADA
4693,FAZENDA INVERNADA
4695,FAZENDA INVERNADA
4701,FAZENDA INVERNADA
4702,FAZENDA INVERNADA
4705,FAZENDA INVERNADA
4706,FAZENDA INVERNADA
4709,FAZENDA INVERNADA
4716,FAZENDA INVERNADA
4717,FAZENDA INVERNADA
4739,FAZENDA INVERNADA
4742,FAZENDA INVERNADA
4744,FAZENDA INVERNADA
4745,FAZENDA INVERNADA
4746,FAZENDA INVERNADA
4747,FAZENDA INVERNADA
4748,FAZENDA INVERNADA
4756,FAZENDA INVERNADA
4757,FAZENDA INVERNADA
4758,FAZENDA INVERNADA
4759,FAZENDA INVERNADA
4761,FAZENDA INVERNADA
4763,FAZENDA INVERNADA
4765,FAZENDA INVERNADA
4767,FAZENDA INVERNADA
4769,FAZENDA INVERNADA
4772,FAZENDA INVERNADA
4775,FAZENDA INVERNADA
4776,FAZENDA INVERNADA
4777,FAZENDA INVERNADA
4778,FAZENDA INVERNADA
4779,FAZENDA INVERNADA
4780,FAZENDA INVERNADA
4781,FAZENDA INVERNADA
4782,FAZENDA INVERNADA
4792,FAZENDA INVERNADA
4795,FAZENDA INVERNADA
4796,FAZENDA INVERNADA
4798,FAZENDA INVERNADA
4801,FAZENDA INVERNADA
4802,FAZENDA INVERNADA
4803,FAZENDA INVERNADA
4805,FAZENDA INVERNADA
4807,FAZENDA INVERNADA
4812,FAZENDA INVERNADA
4813,FAZENDA INVERNADA
4814,FAZENDA INVERNADA
4815,FAZENDA INVERNADA
4816,FAZENDA INVERNADA
4817,FAZENDA INVERNADA
4818,FAZENDA INVERNADA
4822,FAZENDA INVERNADA
4823,FAZENDA INVERNADA
4829,FAZENDA INVERNADA
4831,FAZENDA INVERNADA
4835,FAZENDA INVERNADA
4836,FAZENDA INVERNADA
4837,FAZENDA INVERNADA
4840,FAZENDA INVERNADA
4841,FAZENDA INVERNADA
4843,FAZENDA INVERNADA
4844,FAZENDA INVERNADA
4845,FAZENDA INVERNADA
4846,FAZENDA INVERNADA
4847,FAZENDA INVERNADA
4848,FAZENDA INVERNADA
4851,FAZENDA INVERNADA
4853,FAZENDA INVERNADA
4854,FAZENDA INVERNADA
4860,FAZENDA INVERNADA
4864,FAZENDA INVERNADA
4872,FAZENDA INVERNADA
4873,FAZENDA INVERNADA
4874,FAZENDA INVERNADA
4875,FAZENDA INVERNADA
4876,FAZENDA INVERNADA
4907,FAZENDA INVERNADA
4908,FAZENDA INVERNADA
4921,FAZENDA INVERNADA
4934,FAZENDA INVERNADA
4940,FAZENDA INVERNADA
4949,FAZENDA INVERNADA
4950,FAZENDA INVERNADA
4951,FAZENDA INVERNADA
4954,FAZENDA INVERNADA
4955,FAZENDA INVERNADA
4959,FAZENDA INVERNADA
4960,FAZENDA INVERNADA
4961,FAZENDA INVERNADA
4979,FAZENDA INVERNADA
4988,FAZENDA INVERNADA
4989,FAZENDA INVERNADA
4994,FAZENDA INVERNADA
4995,FAZENDA INVERNADA
4997,FAZENDA INVERNADA
5026,FAZENDA INVERNADA
5029,FAZENDA INVERNADA
5030,FAZENDA INVERNADA
5031,FAZENDA INVERNADA
5033,FAZENDA INVERNADA
5052,FAZENDA INVERNADA
5060,FAZENDA INVERNADA
5080,FAZENDA INVERNADA
5081,FAZENDA INVERNADA
5083,FAZENDA INVERNADA
5084,FAZENDA INVERNADA
5085,FAZENDA INVERNADA
5093,FAZENDA INVERNADA
5094,FAZENDA INVERNADA
5095,FAZENDA INVERNADA
5098,FAZENDA INVERNADA
5099,FAZENDA INVERNADA
5100,FAZENDA INVERNADA
5126,FAZENDA INVERNADA
5127,FAZENDA INVERNADA
5128,FAZENDA INVERNADA
5129,FAZENDA INVERNADA
5130,FAZENDA INVERNADA
5137,FAZENDA INVERNADA
5138,FAZENDA INVERNADA
5139,FAZENDA INVERNADA
5140,FAZENDA INVERNADA
5148,FAZENDA INVERNADA
5151,FAZENDA INVERNADA
5169,FAZENDA INVERNADA
5174,FAZENDA INVERNADA
5175,FAZENDA INVERNADA
5176,FAZENDA INVERNADA
5177,FAZENDA INVERNADA
5182,FAZENDA INVERNADA
5183,FAZENDA INVERNADA
5185,FAZENDA INVERNADA
5186,FAZENDA INVERNADA
5188,FAZENDA INVERNADA
5189,FAZENDA INVERNADA
5194,FAZENDA INVERNADA
5196,FAZENDA INVERNADA
5197,FAZENDA INVERNADA
5198,FAZENDA INVERNADA
5199,FAZENDA INVERNADA
5202,FAZENDA INVERNADA
5203,FAZENDA INVERNADA
5204,FAZENDA INVERNADA
5205,FAZENDA INVERNADA
5219,FAZENDA INVERNADA
5224,FAZENDA INVERNADA
5225,FAZENDA INVERNADA
5226,FAZENDA INVERNADA
5228,FAZENDA INVERNADA
5247,FAZENDA INVERNADA
5275,FAZENDA INVERNADA
5277,FAZENDA INVERNADA
5279,FAZENDA INVERNADA
5282,FAZENDA INVERNADA
5283,FAZENDA INVERNADA
5284,FAZENDA INVERNADA
5285,FAZENDA INVERNADA
5286,FAZENDA INVERNADA
5288,FAZENDA INVERNADA
5290,FAZENDA INVERNADA
5296,FAZENDA INVERNADA
5302,FAZENDA INVERNADA
5303,FAZENDA INVERNADA
5304,FAZENDA INVERNADA
5305,FAZENDA INVERNADA
5307,FAZENDA INVERNADA
5308,FAZENDA INVERNADA
5309,FAZENDA INVERNADA
5311,FAZENDA INVERNADA
5312,FAZENDA INVERNADA
5313,FAZENDA INVERNADA
5314,FAZENDA INVERNADA
5315,FAZENDA INVERNADA
5316,FAZENDA INVERNADA
5317,FAZENDA INVERNADA
5383,FAZENDA INVERNADA
5406,FAZENDA INVERNADA
5420,FAZENDA INVERNADA
5421,FAZENDA INVERNADA
5422,FAZENDA INVERNADA
5423,FAZENDA INVERNADA
5424,FAZENDA INVERNADA
5425,FAZENDA INVERNADA
5426,FAZENDA INVERNADA
5427,FAZENDA INVERNADA
5428,FAZENDA INVERNADA
5429,FAZENDA INVERNADA
5430,FAZENDA INVERNADA
5431,FAZENDA INVERNADA
5435,FAZENDA INVERNADA
5436,FAZENDA INVERNADA
5437,FAZENDA INVERNADA
5438,FAZENDA INVERNADA
5439,FAZENDA INVERNADA
5440,FAZENDA INVERNADA
5441,FAZENDA INVERNADA
5442,FAZENDA INVERNADA
5443,FAZENDA INVERNADA
5444,FAZENDA INVERNADA
5445,FAZENDA INVERNADA
5446,FAZENDA INVERNADA
5447,FAZENDA INVERNADA
5448,FAZENDA INVERNADA
5449,FAZENDA INVERNADA
5450,FAZENDA INVERNADA
5451,FAZENDA INVERNADA
5452,FAZENDA INVERNADA
5453,FAZENDA INVERNADA
5455,FAZENDA INVERNADA
5456,FAZENDA INVERNADA
5457,FAZENDA INVERNADA
5458,FAZENDA INVERNADA
5459,FAZENDA INVERNADA
5460,FAZENDA INVERNADA
5461,FAZENDA INVERNADA
5462,FAZENDA INVERNADA
5463,FAZENDA INVERNADA
5464,FAZENDA INVERNADA
5465,FAZENDA INVERNADA
5466,FAZENDA INVERNADA
5467,FAZENDA INVERNADA
5468,FAZENDA INVERNADA
5469,FAZENDA INVERNADA
5470,FAZENDA INVERNADA
5471,FAZENDA INVERNADA
5502,FAZENDA INVERNADA
5503,FAZENDA INVERNADA
5507,FAZENDA INVERNADA
5508,FAZENDA INVERNADA
5510,FAZENDA INVERNADA
5512,FAZENDA INVERNADA
5513,FAZENDA INVERNADA
5515,FAZENDA INVERNADA
5539,FAZENDA INVERNADA
5542,FAZENDA INVERNADA
5544,FAZENDA INVERNADA
5545,FAZENDA INVERNADA
5556,FAZENDA INVERNADA
5557,FAZENDA INVERNADA
5560,FAZENDA INVERNADA
5561,FAZENDA INVERNADA
5562,FAZENDA INVERNADA
5563,FAZENDA INVERNADA
5564,FAZENDA INVERNADA
5565,FAZENDA INVERNADA
5575,FAZENDA INVERNADA
5604,FAZENDA INVERNADA
5623,FAZENDA INVERNADA
5625,FAZENDA INVERNADA
5626,FAZENDA INVERNADA
5627,FAZENDA INVERNADA
5628,FAZENDA INVERNADA
5629,FAZENDA INVERNADA
5635,FAZENDA INVERNADA
5636,FAZENDA INVERNADA
5637,FAZENDA INVERNADA
5638,FAZENDA INVERNADA
5646,FAZENDA INVERNADA
5663,FAZENDA INVERNADA
5667,FAZENDA INVERNADA
5668,FAZENDA INVERNADA
5669,FAZENDA INVERNADA
5670,FAZENDA INVERNADA
5671,FAZENDA INVERNADA
5672,FAZENDA INVERNADA
5673,FAZENDA INVERNADA
5674,FAZENDA INVERNADA
5675,FAZENDA INVERNADA
5680,FAZENDA INVERNADA
5681,FAZENDA INVERNADA
5683,FAZENDA INVERNADA
5684,FAZENDA INVERNADA
5704,FAZENDA INVERNADA
5705,FAZENDA INVERNADA
5707,FAZENDA INVERNADA
5743,FAZENDA INVERNADA
5744,FAZENDA INVERNADA
5745,FAZENDA INVERNADA
5748,FAZENDA INVERNADA
5750,FAZENDA INVERNADA
5751,FAZENDA INVERNADA
5754,FAZENDA INVERNADA
5770,FAZENDA INVERNADA
5771,FAZENDA INVERNADA
5772,FAZENDA INVERNADA
5773,FAZENDA INVERNADA
5774,FAZENDA INVERNADA
5775,FAZENDA INVERNADA
5776,FAZENDA INVERNADA
5831,FAZENDA INVERNADA
5848,FAZENDA INVERNADA
5851,FAZENDA INVERNADA
5856,FAZENDA INVERNADA
5870,FAZENDA INVERNADA
5874,FAZENDA INVERNADA
5876,FAZENDA INVERNADA
5877,FAZENDA INVERNADA
5879,FAZENDA INVERNADA
5880,FAZENDA INVERNADA
5881,FAZENDA INVERNADA
5885,FAZENDA INVERNADA
5886,FAZENDA INVERNADA
5887,FAZENDA INVERNADA
5889,FAZENDA INVERNADA
5890,FAZENDA INVERNADA
5891,FAZENDA INVERNADA
5892,FAZENDA INVERNADA
5902,FAZENDA INVERNADA
5903,FAZENDA INVERNADA
5907,FAZENDA INVERNADA
5908,FAZENDA INVERNADA
5915,FAZENDA INVERNADA
5916,FAZENDA INVERNADA
5917,FAZENDA INVERNADA
5918,FAZENDA INVERNADA
5919,FAZENDA INVERNADA
5922,FAZENDA INVERNADA
5932,FAZENDA INVERNADA
5934,FAZENDA INVERNADA
5936,FAZENDA INVERNADA
5937,FAZENDA INVERNADA
5949,FAZENDA INVERNADA
5950,FAZENDA INVERNADA
5952,FAZENDA INVERNADA
5953,FAZENDA INVERNADA
5954,FAZENDA INVERNADA
5955,FAZENDA INVERNADA
5956,FAZENDA INVERNADA
5970,FAZENDA INVERNADA
5978,FAZENDA INVERNADA
5980,FAZENDA INVERNADA
5983,FAZENDA INVERNADA
5986,FAZENDA INVERNADA
5987,FAZENDA INVERNADA
5989,FAZENDA INVERNADA
5998,FAZENDA INVERNADA
5999,FAZENDA INVERNADA
6001,FAZENDA INVERNADA
6004,FAZENDA INVERNADA
6006,FAZENDA INVERNADA
6007,FAZENDA INVERNADA
6008,FAZENDA INVERNADA
6009,FAZENDA INVERNADA
6010,FAZENDA INVERNADA
6011,FAZENDA INVERNADA
6012,FAZENDA INVERNADA
6013,FAZENDA INVERNADA
6014,FAZENDA INVERNADA
6015,FAZENDA INVERNADA
6024,FAZENDA INVERNADA
6027,FAZENDA INVERNADA
6028,FAZENDA INVERNADA
6029,FAZENDA INVERNADA
6031,FAZENDA INVERNADA
6032,FAZENDA INVERNADA
6033,FAZENDA INVERNADA
6034,FAZENDA INVERNADA
6035,FAZENDA INVERNADA
6036,FAZENDA INVERNADA
6043,FAZENDA INVERNADA
6044,FAZENDA INVERNADA
6051,FAZENDA INVERNADA
6052,FAZENDA INVERNADA
6053,FAZENDA INVERNADA
6054,FAZENDA INVERNADA
6072,FAZENDA INVERNADA
6074,FAZENDA INVERNADA
6081,FAZENDA INVERNADA
6082,FAZENDA INVERNADA
6083,FAZENDA INVERNADA
6084,FAZENDA INVERNADA
6085,FAZENDA INVERNADA
6086,FAZENDA INVERNADA
6095,FAZENDA INVERNADA
6098,FAZENDA INVERNADA
6099,FAZENDA INVERNADA
6100,FAZENDA INVERNADA
6102,FAZENDA INVERNADA
6103,FAZENDA INVERNADA
6108,FAZENDA INVERNADA
6109,FAZENDA INVERNADA
6110,FAZENDA INVERNADA
6111,FAZENDA INVERNADA
6112,FAZENDA INVERNADA
6117,FAZENDA INVERNADA
6118,FAZENDA INVERNADA
6119,FAZENDA INVERNADA
6120,FAZENDA INVERNADA
6123,FAZENDA INVERNADA
6124,FAZENDA INVERNADA
6125,FAZENDA INVERNADA
6126,FAZENDA INVERNADA
6137,FAZENDA INVERNADA
6138,FAZENDA INVERNADA
6139,FAZENDA INVERNADA
6140,FAZENDA INVERNADA
6143,FAZENDA INVERNADA
6149,FAZENDA INVERNADA
6151,FAZENDA INVERNADA
6152,FAZENDA INVERNADA
6153,FAZENDA INVERNADA
6154,FAZENDA INVERNADA
6155,FAZENDA INVERNADA
6156,FAZENDA INVERNADA
6157,FAZENDA INVERNADA
6169,FAZENDA INVERNADA
6171,FAZENDA INVERNADA
6172,FAZENDA INVERNADA
6174,FAZENDA INVERNADA
6185,FAZENDA INVERNADA
6191,FAZENDA INVERNADA
6195,FAZENDA INVERNADA
6201,FAZENDA INVERNADA
6202,FAZENDA INVERNADA
6208,FAZENDA INVERNADA
6219,FAZENDA INVERNADA
6221,FAZENDA INVERNADA
6324,FAZENDA INVERNADA
6325,FAZENDA INVERNADA
6326,FAZENDA INVERNADA
6327,FAZENDA INVERNADA
6328,FAZENDA INVERNADA
6329,FAZENDA INVERNADA
6339,FAZENDA INVERNADA
6369,FAZENDA INVERNADA
6370,FAZENDA INVERNADA
6375,FAZENDA INVERNADA
6378,FAZENDA INVERNADA
6379,FAZENDA INVERNADA
6380,FAZENDA INVERNADA
6381,FAZENDA INVERNADA
6382,FAZENDA INVERNADA
6383,FAZENDA INVERNADA
6384,FAZENDA INVERNADA
6386,FAZENDA INVERNADA
6387,FAZENDA INVERNADA
6390,FAZENDA INVERNADA
6391,FAZENDA INVERNADA
6392,FAZENDA INVERNADA
6395,FAZENDA INVERNADA
6396,FAZENDA INVERNADA
6398,FAZENDA INVERNADA
6399,FAZENDA INVERNADA
6404,FAZENDA INVERNADA
6405,FAZENDA INVERNADA
6406,FAZENDA INVERNADA
6407,FAZENDA INVERNADA
6409,FAZENDA INVERNADA
6442,FAZENDA INVERNADA
6444,FAZENDA INVERNADA
6451,FAZENDA INVERNADA
6460,FAZENDA INVERNADA
6467,FAZENDA INVERNADA
6470,FAZENDA INVERNADA
6474,FAZENDA INVERNADA
6489,FAZENDA INVERNADA
6492,FAZENDA INVERNADA
6494,FAZENDA INVERNADA
6495,FAZENDA INVERNADA
6497,FAZENDA INVERNADA
6515,FAZENDA INVERNADA
6522,FAZENDA INVERNADA
6523,FAZENDA INVERNADA
6530,FAZENDA INVERNADA
6531,FAZENDA INVERNADA
6532,FAZENDA INVERNADA
6536,FAZENDA INVERNADA
6537,FAZENDA INVERNADA
6538,FAZENDA INVERNADA
6548,FAZENDA INVERNADA
6550,FAZENDA INVERNADA
6553,FAZENDA INVERNADA
6566,FAZENDA INVERNADA
6570,FAZENDA INVERNADA
6573,FAZENDA INVERNADA
6574,FAZENDA INVERNADA
6577,FAZENDA INVERNADA
6579,FAZENDA INVERNADA
6585,FAZENDA INVERNADA
6591,FAZENDA INVERNADA
6603,FAZENDA INVERNADA
6646,FAZENDA INVERNADA
6647,FAZENDA INVERNADA
6651,FAZENDA INVERNADA
6652,FAZENDA INVERNADA
6662,FAZENDA INVERNADA
6663,FAZENDA INVERNADA
6667,FAZENDA INVERNADA
6668,FAZENDA INVERNADA
6669,FAZENDA INVERNADA
6714,FAZENDA INVERNADA
6715,FAZENDA INVERNADA
6723,FAZENDA INVERNADA
6739,FAZENDA INVERNADA
6740,FAZENDA INVERNADA
6745,FAZENDA INVERNADA
6746,FAZENDA INVERNADA
6747,FAZENDA INVERNADA
6748,FAZENDA INVERNADA
6750,FAZENDA INVERNADA
6760,FAZENDA INVERNADA
6763,FAZENDA INVERNADA
6767,FAZENDA INVERNADA
6768,FAZENDA INVERNADA
6770,FAZENDA INVERNADA
6771,FAZENDA INVERNADA
6776,FAZENDA INVERNADA
6777,FAZENDA INVERNADA
6779,FAZENDA INVERNADA
6781,FAZENDA INVERNADA
6782,FAZENDA INVERNADA
6788,FAZENDA INVERNADA
6790,FAZENDA INVERNADA
6791,FAZENDA INVERNADA
6792,FAZENDA INVERNADA
6793,FAZENDA INVERNADA
6807,FAZENDA INVERNADA
6813,FAZENDA INVERNADA
6814,FAZENDA INVERNADA
6817,FAZENDA INVERNADA
6821,FAZENDA INVERNADA
6824,FAZENDA INVERNADA
6825,FAZENDA INVERNADA
6830,FAZENDA INVERNADA
6832,FAZENDA INVERNADA
6834,FAZENDA INVERNADA
6838,FAZENDA INVERNADA
6839,FAZENDA INVERNADA
6851,FAZENDA INVERNADA
6852,FAZENDA INVERNADA
6853,FAZENDA INVERNADA
6870,FAZENDA INVERNADA
6873,FAZENDA INVERNADA
6876,FAZENDA INVERNADA
6887,FAZENDA INVERNADA
6888,FAZENDA INVERNADA
6889,FAZENDA INVERNADA
6891,FAZENDA INVERNADA
6892,FAZENDA INVERNADA
6893,FAZENDA INVERNADA
6894,FAZENDA INVERNADA
6896,FAZENDA INVERNADA
6899,FAZENDA INVERNADA
6906,FAZENDA INVERNADA
6908,FAZENDA INVERNADA
6919,FAZENDA INVERNADA
6920,FAZENDA INVERNADA
6921,FAZENDA INVERNADA
6922,FAZENDA INVERNADA
6923,FAZENDA INVERNADA
6924,FAZENDA INVERNADA
6926,FAZENDA INVERNADA
6927,FAZENDA INVERNADA
6936,FAZENDA INVERNADA
6939,FAZENDA INVERNADA
6941,FAZENDA INVERNADA
6942,FAZENDA INVERNADA
6951,FAZENDA INVERNADA
6952,FAZENDA INVERNADA
6955,FAZENDA INVERNADA
6957,FAZENDA INVERNADA
6958,FAZENDA INVERNADA
6960,FAZENDA INVERNADA
6961,FAZENDA INVERNADA
6967,FAZENDA INVERNADA
6969,FAZENDA INVERNADA
6975,FAZENDA INVERNADA
6991,FAZENDA INVERNADA
6992,FAZENDA INVERNADA
6995,FAZENDA INVERNADA
7003,FAZENDA INVERNADA
7004,FAZENDA INVERNADA
7024,FAZENDA INVERNADA
7058,FAZENDA INVERNADA
7087,FAZENDA INVERNADA
7089,FAZENDA INVERNADA
7090,FAZENDA INVERNADA
7095,FAZENDA INVERNADA
7097,FAZENDA INVERNADA
7098,FAZENDA INVERNADA
7099,FAZENDA INVERNADA
7100,FAZENDA INVERNADA
7105,FAZENDA INVERNADA
7109,FAZENDA INVERNADA
7112,FAZENDA INVERNADA
7117,FAZENDA INVERNADA
7118,FAZENDA INVERNADA
7119,FAZENDA INVERNADA
7120,FAZENDA INVERNADA
7137,FAZENDA INVERNADA
7141,FAZENDA INVERNADA
7142,FAZENDA INVERNADA
7143,FAZENDA INVERNADA
7149,FAZENDA INVERNADA
7150,FAZENDA INVERNADA
7151,FAZENDA INVERNADA
7152,FAZENDA INVERNADA
7153,FAZENDA INVERNADA
7154,FAZENDA INVERNADA
7155,FAZENDA INVERNADA
7156,FAZENDA INVERNADA
7157,FAZENDA INVERNADA
7158,FAZENDA INVERNADA
7159,FAZENDA INVERNADA
7171,FAZENDA INVERNADA
7174,FAZENDA INVERNADA
7178,FAZENDA INVERNADA
7182,FAZENDA INVERNADA
7184,FAZENDA INVERNADA
7192,FAZENDA INVERNADA
7194,FAZENDA INVERNADA
7204,FAZENDA INVERNADA
7205,FAZENDA INVERNADA
7206,FAZENDA INVERNADA
7207,FAZENDA INVERNADA
7208,FAZENDA INVERNADA
7209,FAZENDA INVERNADA
7236,FAZENDA INVERNADA
7237,FAZENDA INVERNADA
7238,FAZENDA INVERNADA
7239,FAZENDA INVERNADA
7247,FAZENDA INVERNADA
7248,FAZENDA INVERNADA
7249,FAZENDA INVERNADA
7250,FAZENDA INVERNADA
7268,FAZENDA INVERNADA
7270,FAZENDA INVERNADA
7274,FAZENDA INVERNADA
7275,FAZENDA INVERNADA
7276,FAZENDA INVERNADA
7277,FAZENDA INVERNADA
7278,FAZENDA INVERNADA
7294,FAZENDA INVERNADA
7295,FAZENDA INVERNADA
7297,FAZENDA INVERNADA
7298,FAZENDA INVERNADA
7299,FAZENDA INVERNADA
7308,FAZENDA INVERNADA
7309,FAZENDA INVERNADA
7313,FAZENDA INVERNADA
7314,FAZENDA INVERNADA
7315,FAZENDA INVERNADA
7329,FAZENDA INVERNADA
7345,FAZENDA INVERNADA
7346,FAZENDA INVERNADA
7347,FAZENDA INVERNADA
7348,FAZENDA INVERNADA
7349,FAZENDA INVERNADA
7350,FAZENDA INVERNADA
7351,FAZENDA INVERNADA
7352,FAZENDA INVERNADA
7353,FAZENDA INVERNADA
7402,FAZENDA INVERNADA
7403,FAZENDA INVERNADA
7404,FAZENDA INVERNADA
7405,FAZENDA INVERNADA
7414,FAZENDA INVERNADA
7416,FAZENDA INVERNADA
7417,FAZENDA INVERNADA
7418,FAZENDA INVERNADA
7419,FAZENDA INVERNADA
7427,FAZENDA INVERNADA
7428,FAZENDA INVERNADA
7454,FAZENDA INVERNADA
7462,FAZENDA INVERNADA
7463,FAZENDA INVERNADA
7476,FAZENDA INVERNADA
7477,FAZENDA INVERNADA
7479,FAZENDA INVERNADA
7489,FAZENDA INVERNADA
7490,FAZENDA INVERNADA
7494,FAZENDA INVERNADA
7496,FAZENDA INVERNADA
7497,FAZENDA INVERNADA
7498,FAZENDA INVERNADA
7499,FAZENDA INVERNADA
7500,FAZENDA INVERNADA
7505,FAZENDA INVERNADA
7513,FAZENDA INVERNADA
7515,FAZENDA INVERNADA
7516,FAZENDA INVERNADA
7517,FAZENDA INVERNADA
7519,FAZENDA INVERNADA
7524,FAZENDA INVERNADA
7525,FAZENDA INVERNADA
7526,FAZENDA INVERNADA
7533,FAZENDA INVERNADA
7540,FAZENDA INVERNADA
7543,FAZENDA INVERNADA
7546,FAZENDA INVERNADA
7547,FAZENDA INVERNADA
7564,FAZENDA INVERNADA
7565,FAZENDA INVERNADA
7566,FAZENDA INVERNADA
7567,FAZENDA INVERNADA
7569,FAZENDA INVERNADA
7570,FAZENDA INVERNADA
7573,FAZENDA INVERNADA
7574,FAZENDA INVERNADA
7578,FAZENDA INVERNADA
7579,FAZENDA INVERNADA
7580,FAZENDA INVERNADA
7581,FAZENDA INVERNADA
7582,FAZENDA INVERNADA
7583,FAZENDA INVERNADA
7584,FAZENDA INVERNADA
7588,FAZENDA INVERNADA
7591,FAZENDA INVERNADA
7592,FAZENDA INVERNADA
7599,FAZENDA INVERNADA
7603,FAZENDA INVERNADA
7604,FAZENDA INVERNADA
7605,FAZENDA INVERNADA
7606,FAZENDA INVERNADA
7607,FAZENDA INVERNADA
7608,FAZENDA INVERNADA
7609,FAZENDA INVERNADA
7610,FAZENDA INVERNADA
7616,FAZENDA INVERNADA
7617,FAZENDA INVERNADA
7624,FAZENDA INVERNADA
7625,FAZENDA INVERNADA
7662,FAZENDA INVERNADA
7666,FAZENDA INVERNADA
7667,FAZENDA INVERNADA
7676,FAZENDA INVERNADA
7677,FAZENDA INVERNADA
7678,FAZENDA INVERNADA
7679,FAZENDA INVERNADA
7684,FAZENDA INVERNADA
7685,FAZENDA INVERNADA
7686,FAZENDA INVERNADA
7687,FAZENDA INVERNADA
7731,FAZENDA INVERNADA
7740,FAZENDA INVERNADA
7759,FAZENDA INVERNADA
7760,FAZENDA INVERNADA
7761,FAZENDA INVERNADA
7762,FAZENDA INVERNADA
7763,FAZENDA INVERNADA
7764,FAZENDA INVERNADA
7766,FAZENDA INVERNADA
7767,FAZENDA INVERNADA
7768,FAZENDA INVERNADA
7769,FAZENDA INVERNADA
7770,FAZENDA INVERNADA
7771,FAZENDA INVERNADA
7772,FAZENDA INVERNADA
7773,FAZENDA INVERNADA
7774,FAZENDA INVERNADA
7801,FAZENDA INVERNADA
7817,FAZENDA INVERNADA
7818,FAZENDA INVERNADA
7819,FAZENDA INVERNADA
7824,FAZENDA INVERNADA
7826,FAZENDA INVERNADA
7827,FAZENDA INVERNADA
7829,FAZENDA INVERNADA
7831,FAZENDA INVERNADA
7835,FAZENDA INVERNADA
7836,FAZENDA INVERNADA
7837,FAZENDA INVERNADA
7851,FAZENDA INVERNADA
7852,FAZENDA INVERNADA
7853,FAZENDA INVERNADA
7854,FAZENDA INVERNADA
7855,FAZENDA INVERNADA
7857,FAZENDA INVERNADA
7858,FAZENDA INVERNADA
7865,FAZENDA INVERNADA
7876,FAZENDA INVERNADA
7882,FAZENDA INVERNADA
7893,FAZENDA INVERNADA
7894,FAZENDA INVERNADA
7900,FAZENDA INVERNADA
7914,FAZENDA INVERNADA
7915,FAZENDA INVERNADA
7916,FAZENDA INVERNADA
7917,FAZENDA INVERNADA
7918,FAZENDA INVERNADA
7919,FAZENDA INVERNADA
7920,FAZENDA INVERNADA
7927,FAZENDA INVERNADA
7931,FAZENDA INVERNADA
7944,FAZENDA INVERNADA
7946,FAZENDA INVERNADA
7947,FAZENDA INVERNADA
7948,FAZENDA INVERNADA
7949,FAZENDA INVERNADA
7950,FAZENDA INVERNADA
7951,FAZENDA INVERNADA
7952,FAZENDA INVERNADA
7953,FAZENDA INVERNADA
7954,FAZENDA INVERNADA
7955,FAZENDA INVERNADA
7956,FAZENDA INVERNADA
7957,FAZENDA INVERNADA
7958,FAZENDA INVERNADA
7959,FAZENDA INVERNADA
7960,FAZENDA INVERNADA
7961,FAZENDA INVERNADA
7962,FAZENDA INVERNADA
7963,FAZENDA INVERNADA
7964,FAZENDA INVERNADA
7965,FAZENDA INVERNADA
7966,FAZENDA INVERNADA
7967,FAZENDA INVERNADA
7972,FAZENDA INVERNADA
7973,FAZENDA INVERNADA
7974,FAZENDA INVERNADA
7975,FAZENDA INVERNADA
7976,FAZENDA INVERNADA
7977,FAZENDA INVERNADA
7978,FAZENDA INVERNADA
7979,FAZENDA INVERNADA
7988,FAZENDA INVERNADA
7990,FAZENDA INVERNADA
7994,FAZENDA INVERNADA
7996,FAZENDA INVERNADA
7997,FAZENDA INVERNADA
7998,FAZENDA INVERNADA
7999,FAZENDA INVERNADA
8000,FAZENDA INVERNADA
8001,FAZENDA INVERNADA
8003,FAZENDA INVERNADA
8004,FAZENDA INVERNADA
8005,FAZENDA INVERNADA
8068,FAZENDA INVERNADA
8069,FAZENDA INVERNADA
8080,FAZENDA INVERNADA
8082,FAZENDA INVERNADA
8083,FAZENDA INVERNADA
8084,FAZENDA INVERNADA
8097,FAZENDA INVERNADA
8099,FAZENDA INVERNADA
8100,FAZENDA INVERNADA
8101,FAZENDA INVERNADA
8102,FAZENDA INVERNADA
8103,FAZENDA INVERNADA
8104,FAZENDA INVERNADA
8107,FAZENDA INVERNADA
8114,FAZENDA INVERNADA
8180,FAZENDA INVERNADA
8181,FAZENDA INVERNADA
8182,FAZENDA INVERNADA
8183,FAZENDA INVERNADA
8186,FAZENDA INVERNADA
8218,FAZENDA INVERNADA
8219,FAZENDA INVERNADA
8220,FAZENDA INVERNADA
8223,FAZENDA INVERNADA
8224,FAZENDA INVERNADA
8230,FAZENDA INVERNADA
8233,FAZENDA INVERNADA
8234,FAZENDA INVERNADA
8235,FAZENDA INVERNADA
8240,FAZENDA INVERNADA
8244,FAZENDA INVERNADA
8245,FAZENDA INVERNADA
8258,FAZENDA INVERNADA
8259,FAZENDA INVERNADA
8260,FAZENDA INVERNADA
8261,FAZENDA INVERNADA
8262,FAZENDA INVERNADA
8263,FAZENDA INVERNADA
8266,FAZENDA INVERNADA
8272,FAZENDA INVERNADA
8273,FAZENDA INVERNADA
8274,FAZENDA INVERNADA
8275,FAZENDA INVERNADA
8276,FAZENDA INVERNADA
8278,FAZENDA INVERNADA
8279,FAZENDA INVERNADA
8281,FAZENDA INVERNADA
8282,FAZENDA INVERNADA
8283,FAZENDA INVERNADA
8284,FAZENDA INVERNADA
8285,FAZENDA INVERNADA
8286,FAZENDA INVERNADA
8287,FAZENDA INVERNADA
8293,FAZENDA INVERNADA
8319,FAZENDA INVERNADA
8321,FAZENDA INVERNADA
8322,FAZENDA INVERNADA
8335,FAZENDA INVERNADA
8336,FAZENDA INVERNADA
8337,FAZENDA INVERNADA
8338,FAZENDA INVERNADA
8339,FAZENDA INVERNADA
8340,FAZENDA INVERNADA
8400,FAZENDA INVERNADA
8401,FAZENDA INVERNADA
8403,FAZENDA INVERNADA
8404,FAZENDA INVERNADA
8405,FAZENDA INVERNADA
8406,FAZENDA INVERNADA
8417,FAZENDA INVERNADA
8418,FAZENDA INVERNADA
8420,FAZENDA INVERNADA
8430,FAZENDA INVERNADA
8433,FAZENDA INVERNADA
8434,FAZENDA INVERNADA
8435,FAZENDA INVERNADA
8436,FAZENDA INVERNADA
8441,FAZENDA INVERNADA
8442,FAZENDA INVERNADA
8443,FAZENDA INVERNADA
8444,FAZENDA INVERNADA
8445,FAZENDA INVERNADA
8446,FAZENDA INVERNADA
8447,FAZENDA INVERNADA
8454,FAZENDA INVERNADA
8456,FAZENDA INVERNADA
8481,FAZENDA INVERNADA
8483,FAZENDA INVERNADA
8485,FAZENDA INVERNADA
8486,FAZENDA INVERNADA
8488,FAZENDA INVERNADA
8492,FAZENDA INVERNADA
8493,FAZENDA INVERNADA
8494,FAZENDA INVERNADA
8495,FAZENDA INVERNADA
8496,FAZENDA INVERNADA
8497,FAZENDA INVERNADA
8503,FAZENDA INVERNADA
8508,FAZENDA INVERNADA
8509,FAZENDA INVERNADA
8510,FAZENDA INVERNADA
8511,FAZENDA INVERNADA
8515,FAZENDA INVERNADA
8516,FAZENDA INVERNADA
8517,FAZENDA INVERNADA
8518,FAZENDA INVERNADA
8519,FAZENDA INVERNADA
8535,FAZENDA INVERNADA
8536,FAZENDA INVERNADA
8537,FAZENDA INVERNADA
8538,FAZENDA INVERNADA
8540,FAZENDA INVERNADA
8541,FAZENDA INVERNADA
8557,FAZENDA INVERNADA
8558,FAZENDA INVERNADA
8559,FAZENDA INVERNADA
8561,FAZENDA INVERNADA
8562,FAZENDA INVERNADA
8563,FAZENDA INVERNADA
8581,FAZENDA INVERNADA
8582,FAZENDA INVERNADA
8583,FAZENDA INVERNADA
8584,FAZENDA INVERNADA
8585,FAZENDA INVERNADA
8589,FAZENDA INVERNADA
8591,FAZENDA INVERNADA
8592,FAZENDA INVERNADA
8593,FAZENDA INVERNADA
8594,FAZENDA INVERNADA
8595,FAZENDA INVERNADA
8598,FAZENDA INVERNADA
8602,FAZENDA INVERNADA
8603,FAZENDA INVERNADA
8604,FAZENDA INVERNADA
8605,FAZENDA INVERNADA
8608,FAZENDA INVERNADA
8613,FAZENDA INVERNADA
8614,FAZENDA INVERNADA
8615,FAZENDA INVERNADA
8616,FAZENDA INVERNADA
8618,FAZENDA INVERNADA
8619,FAZENDA INVERNADA
8620,FAZENDA INVERNADA
8621,FAZENDA INVERNADA
8622,FAZENDA INVERNADA
8623,FAZENDA INVERNADA
8624,FAZENDA INVERNADA
8625,FAZENDA INVERNADA
8627,FAZENDA INVERNADA
8638,FAZENDA INVERNADA
8639,FAZENDA INVERNADA
8640,FAZENDA INVERNADA
8643,FAZENDA INVERNADA
8645,FAZENDA INVERNADA
8646,FAZENDA INVERNADA
8650,FAZENDA INVERNADA
8651,FAZENDA INVERNADA
8652,FAZENDA INVERNADA
8653,FAZENDA INVERNADA
8654,FAZENDA INVERNADA
8655,FAZENDA INVERNADA
8656,FAZENDA INVERNADA
8657,FAZENDA INVERNADA
8658,FAZENDA INVERNADA
8660,FAZENDA INVERNADA
8662,FAZENDA INVERNADA
8663,FAZENDA INVERNADA
8672,FAZENDA INVERNADA
8673,FAZENDA INVERNADA
8674,FAZENDA INVERNADA
8685,FAZENDA INVERNADA
8686,FAZENDA INVERNADA
8687,FAZENDA INVERNADA
8697,FAZENDA INVERNADA
8707,FAZENDA INVERNADA
8708,FAZENDA INVERNADA
8709,FAZENDA INVERNADA
8715,FAZENDA INVERNADA
8721,FAZENDA INVERNADA
8730,FAZENDA INVERNADA
8738,FAZENDA INVERNADA
8743,FAZENDA INVERNADA
8745,FAZENDA INVERNADA
8746,FAZENDA INVERNADA
8747,FAZENDA INVERNADA
8748,FAZENDA INVERNADA
8749,FAZENDA INVERNADA
8750,FAZENDA INVERNADA
8751,FAZENDA INVERNADA
8752,FAZENDA INVERNADA
8753,FAZENDA INVERNADA
8754,FAZENDA INVERNADA
8756,FAZENDA INVERNADA
8832,FAZENDA INVERNADA
8833,FAZENDA INVERNADA
8834,FAZENDA INVERNADA
8835,FAZENDA INVERNADA
8903,FAZENDA INVERNADA
8904,FAZENDA INVERNADA
8905,FAZENDA INVERNADA
8906,FAZENDA INVERNADA
8917,FAZENDA INVERNADA
8918,FAZENDA INVERNADA
8919,FAZENDA INVERNADA
8928,FAZENDA INVERNADA
8932,FAZENDA INVERNADA
8938,FAZENDA INVERNADA
8939,FAZENDA INVERNADA
8940,FAZENDA INVERNADA
8941,FAZENDA INVERNADA
8943,FAZENDA INVERNADA
8944,FAZENDA INVERNADA
8970,FAZENDA INVERNADA
8979,FAZENDA INVERNADA
8980,FAZENDA INVERNADA
8984,FAZENDA INVERNADA
8985,FAZENDA INVERNADA
8986,FAZENDA INVERNADA
8987,FAZENDA INVERNADA
8988,FAZENDA INVERNADA
8989,FAZENDA INVERNADA
8990,FAZENDA INVERNADA
8991,FAZENDA INVERNADA
9010,FAZENDA INVERNADA
9021,FAZENDA INVERNADA
9022,FAZENDA INVERNADA
9023,FAZENDA INVERNADA
9024,FAZENDA INVERNADA
9030,FAZENDA INVERNADA
9043,FAZENDA INVERNADA
9045,FAZENDA INVERNADA
9073,FAZENDA INVERNADA
9103,FAZENDA INVERNADA
9105,FAZENDA INVERNADA
9113,FAZENDA INVERNADA
9118,FAZENDA INVERNADA
9119,FAZENDA INVERNADA
9120,FAZENDA INVERNADA
9121,FAZENDA INVERNADA
9122,FAZENDA INVERNADA
9154,FAZENDA INVERNADA
9175,FAZENDA INVERNADA
9176,FAZENDA INVERNADA
9180,FAZENDA INVERNADA
9188,FAZENDA INVERNADA
9189,FAZENDA INVERNADA
9190,FAZENDA INVERNADA
9191,FAZENDA INVERNADA
9202,FAZENDA INVERNADA
9208,FAZENDA INVERNADA
9209,FAZENDA INVERNADA
9210,FAZENDA INVERNADA
9211,FAZENDA INVERNADA
9229,FAZENDA INVERNADA
9230,FAZENDA INVERNADA
9239,FAZENDA INVERNADA
9289,FAZENDA INVERNADA
9300,FAZENDA INVERNADA
9301,FAZENDA INVERNADA
9302,FAZENDA INVERNADA
9303,FAZENDA INVERNADA
9304,FAZENDA INVERNADA
9306,FAZENDA INVERNADA
9308,FAZENDA INVERNADA
9309,FAZENDA INVERNADA
9338,FAZENDA INVERNADA
9339,FAZENDA INVERNADA
9340,FAZENDA INVERNADA
9341,FAZENDA INVERNADA
9342,FAZENDA INVERNADA
9345,FAZENDA INVERNADA
9348,FAZENDA INVERNADA
9349,FAZENDA INVERNADA
9357,FAZENDA INVERNADA
9367,FAZENDA INVERNADA
9369,FAZENDA INVERNADA
9372,FAZENDA INVERNADA
9383,FAZENDA INVERNADA
9384,FAZENDA INVERNADA
9385,FAZENDA INVERNADA
9386,FAZENDA INVERNADA
9395,FAZENDA INVERNADA
9396,FAZENDA INVERNADA
9412,FAZENDA INVERNADA
9413,FAZENDA INVERNADA
9414,FAZENDA INVERNADA
9417,FAZENDA INVERNADA
9418,FAZENDA INVERNADA
9419,FAZENDA INVERNADA
9420,FAZENDA INVERNADA
9423,FAZENDA INVERNADA
9427,FAZENDA INVERNADA
9438,FAZENDA INVERNADA
9457,FAZENDA INVERNADA
9458,FAZENDA INVERNADA
9459,FAZENDA INVERNADA
9460,FAZENDA INVERNADA
9481,FAZENDA INVERNADA
9482,FAZENDA INVERNADA
9483,FAZENDA INVERNADA
9490,FAZENDA INVERNADA
9496,FAZENDA INVERNADA
9505,FAZENDA INVERNADA
9516,FAZENDA INVERNADA
9529,FAZENDA INVERNADA
9530,FAZENDA INVERNADA
9601,FAZENDA INVERNADA
9603,FAZENDA INVERNADA
9604,FAZENDA INVERNADA
9607,FAZENDA INVERNADA
9608,FAZENDA INVERNADA
9610,FAZENDA INVERNADA
9611,FAZENDA INVERNADA
9627,FAZENDA INVERNADA
9637,FAZENDA INVERNADA
9644,FAZENDA INVERNADA
9646,FAZENDA INVERNADA
9670,FAZENDA INVERNADA
9682,FAZENDA INVERNADA
9687,FAZENDA INVERNADA
9690,FAZENDA INVERNADA
9709,FAZENDA INVERNADA
9840,FAZENDA INVERNADA
9841,FAZENDA INVERNADA
9842,FAZENDA INVERNADA
9844,FAZENDA INVERNADA
9884,FAZENDA INVERNADA
9887,FAZENDA INVERNADA
9889,FAZENDA INVERNADA
9891,FAZENDA INVERNADA
9892,FAZENDA INVERNADA
9896,FAZENDA INVERNADA
9899,FAZENDA INVERNADA
9901,FAZENDA INVERNADA
9902,FAZENDA INVERNADA
10020,FAZENDA INVERNADA
612,FAZENDA MATA VERDE
839,FAZENDA MATA VERDE
841,FAZENDA MATA VERDE
1309,FAZENDA MATA VERDE
1778,FAZENDA MATA VERDE
1803,FAZENDA MATA VERDE
1830,FAZENDA MATA VERDE
2065,FAZENDA MATA VERDE
2066,FAZENDA MATA VERDE
2067,FAZENDA MATA VERDE
2068,FAZENDA MATA VERDE
2106,FAZENDA MATA VERDE
3339,FAZENDA MATA VERDE
3385,FAZENDA MATA VERDE
3729,FAZENDA MATA VERDE
3735,FAZENDA MATA VERDE
3793,FAZENDA MATA VERDE
3872,FAZENDA MATA VERDE
4540,FAZENDA MATA VERDE
4647,FAZENDA MATA VERDE
4933,FAZENDA MATA VERDE
5195,FAZENDA MATA VERDE
5735,FAZENDA MATA VERDE
5852,FAZENDA MATA VERDE
6129,FAZENDA MATA VERDE
6130,FAZENDA MATA VERDE
6183,FAZENDA MATA VERDE
6596,FAZENDA MATA VERDE
6597,FAZENDA MATA VERDE
6966,FAZENDA MATA VERDE
7222,FAZENDA MATA VERDE
7223,FAZENDA MATA VERDE
7224,FAZENDA MATA VERDE
7225,FAZENDA MATA VERDE
7568,FAZENDA MATA VERDE
7777,FAZENDA MATA VERDE
7778,FAZENDA MATA VERDE
7783,FAZENDA MATA VERDE
7784,FAZENDA MATA VERDE
8179,FAZENDA MATA VERDE
8185,FAZENDA MATA VERDE
8675,FAZENDA MATA VERDE
9222,FAZENDA MATA VERDE
9450,FAZENDA MATA VERDE
9495,FAZENDA MATA VERDE
8,FAZENDA PALHADAO
29,FAZENDA PALHADAO
30,FAZENDA PALHADAO
39,FAZENDA PALHADAO
58,FAZENDA PALHADAO
59,FAZENDA PALHADAO
62,FAZENDA PALHADAO
100,FAZENDA PALHADAO
101,FAZENDA PALHADAO
146,FAZENDA PALHADAO
212,FAZENDA PALHADAO
251,FAZENDA PALHADAO
252,FAZENDA PALHADAO
253,FAZENDA PALHADAO
254,FAZENDA PALHADAO
255,FAZENDA PALHADAO
256,FAZENDA PALHADAO
257,FAZENDA PALHADAO
258,FAZENDA PALHADAO
282,FAZENDA PALHADAO
283,FAZENDA PALHADAO
672,FAZENDA PALHADAO
674,FAZENDA PALHADAO
680,FAZENDA PALHADAO
682,FAZENDA PALHADAO
683,FAZENDA PALHADAO
686,FAZENDA PALHADAO
687,FAZENDA PALHADAO
688,FAZENDA PALHADAO
689,FAZENDA PALHADAO
690,FAZENDA PALHADAO
692,FAZENDA PALHADAO
717,FAZENDA PALHADAO
805,FAZENDA PALHADAO
806,FAZENDA PALHADAO
807,FAZENDA PALHADAO
808,FAZENDA PALHADAO
809,FAZENDA PALHADAO
810,FAZENDA PALHADAO
811,FAZENDA PALHADAO
812,FAZENDA PALHADAO
830,FAZENDA PALHADAO
934,FAZENDA PALHADAO
944,FAZENDA PALHADAO
955,FAZENDA PALHADAO
971,FAZENDA PALHADAO
977,FAZENDA PALHADAO
978,FAZENDA PALHADAO
980,FAZENDA PALHADAO
981,FAZENDA PALHADAO
984,FAZENDA PALHADAO
985,FAZENDA PALHADAO
986,FAZENDA PALHADAO
987,FAZENDA PALHADAO
988,FAZENDA PALHADAO
989,FAZENDA PALHADAO
999,FAZENDA PALHADAO
1048,FAZENDA PALHADAO
1049,FAZENDA PALHADAO
1050,FAZENDA PALHADAO
1093,FAZENDA PALHADAO
1142,FAZENDA PALHADAO
1145,FAZENDA PALHADAO
1155,FAZENDA PALHADAO
1162,FAZENDA PALHADAO
1163,FAZENDA PALHADAO
1169,FAZENDA PALHADAO
1236,FAZENDA PALHADAO
1245,FAZENDA PALHADAO
1246,FAZENDA PALHADAO
1247,FAZENDA PALHADAO
1249,FAZENDA PALHADAO
1255,FAZENDA PALHADAO
1258,FAZENDA PALHADAO
1259,FAZENDA PALHADAO
1260,FAZENDA PALHADAO
1261,FAZENDA PALHADAO
1262,FAZENDA PALHADAO
1310,FAZENDA PALHADAO
1313,FAZENDA PALHADAO
1513,FAZENDA PALHADAO
1515,FAZENDA PALHADAO
1530,FAZENDA PALHADAO
1556,FAZENDA PALHADAO
1557,FAZENDA PALHADAO
1562,FAZENDA PALHADAO
1563,FAZENDA PALHADAO
1564,FAZENDA PALHADAO
1565,FAZENDA PALHADAO
1567,FAZENDA PALHADAO
1571,FAZENDA PALHADAO
1572,FAZENDA PALHADAO
1574,FAZENDA PALHADAO
1583,FAZENDA PALHADAO
1592,FAZENDA PALHADAO
1593,FAZENDA PALHADAO
1627,FAZENDA PALHADAO
1707,FAZENDA PALHADAO
1708,FAZENDA PALHADAO
1709,FAZENDA PALHADAO
1710,FAZENDA PALHADAO
1711,FAZENDA PALHADAO
1712,FAZENDA PALHADAO
1715,FAZENDA PALHADAO
1738,FAZENDA PALHADAO
1771,FAZENDA PALHADAO
1772,FAZENDA PALHADAO
1779,FAZENDA PALHADAO
1802,FAZENDA PALHADAO
1837,FAZENDA PALHADAO
1845,FAZENDA PALHADAO
1846,FAZENDA PALHADAO
1847,FAZENDA PALHADAO
1848,FAZENDA PALHADAO
1849,FAZENDA PALHADAO
1850,FAZENDA PALHADAO
1867,FAZENDA PALHADAO
1876,FAZENDA PALHADAO
1878,FAZENDA PALHADAO
2007,FAZENDA PALHADAO
2008,FAZENDA PALHADAO
2009,FAZENDA PALHADAO
2010,FAZENDA PALHADAO
2011,FAZENDA PALHADAO
2012,FAZENDA PALHADAO
2013,FAZENDA PALHADAO
2014,FAZENDA PALHADAO
2015,FAZENDA PALHADAO
2016,FAZENDA PALHADAO
2017,FAZENDA PALHADAO
2018,FAZENDA PALHADAO
2019,FAZENDA PALHADAO
2027,FAZENDA PALHADAO
2049,FAZENDA PALHADAO
2050,FAZENDA PALHADAO
2051,FAZENDA PALHADAO
2052,FAZENDA PALHADAO
2111,FAZENDA PALHADAO
2115,FAZENDA PALHADAO
2116,FAZENDA PALHADAO
2118,FAZENDA PALHADAO
2124,FAZENDA PALHADAO
2134,FAZENDA PALHADAO
2135,FAZENDA PALHADAO
2136,FAZENDA PALHADAO
2137,FAZENDA PALHADAO
2138,FAZENDA PALHADAO
2177,FAZENDA PALHADAO
2219,FAZENDA PALHADAO
2247,FAZENDA PALHADAO
2315,FAZENDA PALHADAO
2343,FAZENDA PALHADAO
2368,FAZENDA PALHADAO
2376,FAZENDA PALHADAO
2377,FAZENDA PALHADAO
2379,FAZENDA PALHADAO
2382,FAZENDA PALHADAO
2383,FAZENDA PALHADAO
2384,FAZENDA PALHADAO
2385,FAZENDA PALHADAO
2403,FAZENDA PALHADAO
2542,FAZENDA PALHADAO
2543,FAZENDA PALHADAO
2544,FAZENDA PALHADAO
2545,FAZENDA PALHADAO
2546,FAZENDA PALHADAO
2547,FAZENDA PALHADAO
2548,FAZENDA PALHADAO
2549,FAZENDA PALHADAO
2550,FAZENDA PALHADAO
2551,FAZENDA PALHADAO
2552,FAZENDA PALHADAO
2553,FAZENDA PALHADAO
2592,FAZENDA PALHADAO
2599,FAZENDA PALHADAO
2655,FAZENDA PALHADAO
2656,FAZENDA PALHADAO
2658,FAZENDA PALHADAO
2661,FAZENDA PALHADAO
2676,FAZENDA PALHADAO
2677,FAZENDA PALHADAO
2678,FAZENDA PALHADAO
2679,FAZENDA PALHADAO
2698,FAZENDA PALHADAO
2699,FAZENDA PALHADAO
2700,FAZENDA PALHADAO
2701,FAZENDA PALHADAO
2714,FAZENDA PALHADAO
2728,FAZENDA PALHADAO
2871,FAZENDA PALHADAO
2872,FAZENDA PALHADAO
2873,FAZENDA PALHADAO
2874,FAZENDA PALHADAO
2943,FAZENDA PALHADAO
2949,FAZENDA PALHADAO
2996,FAZENDA PALHADAO
3013,FAZENDA PALHADAO
3047,FAZENDA PALHADAO
3048,FAZENDA PALHADAO
3049,FAZENDA PALHADAO
3050,FAZENDA PALHADAO
3086,FAZENDA PALHADAO
3197,FAZENDA PALHADAO
3275,FAZENDA PALHADAO
3276,FAZENDA PALHADAO
3277,FAZENDA PALHADAO
3278,FAZENDA PALHADAO
3279,FAZENDA PALHADAO
3280,FAZENDA PALHADAO
3281,FAZENDA PALHADAO
3282,FAZENDA PALHADAO
3283,FAZENDA PALHADAO
3284,FAZENDA PALHADAO
3285,FAZENDA PALHADAO
3286,FAZENDA PALHADAO
3299,FAZENDA PALHADAO
3314,FAZENDA PALHADAO
3315,FAZENDA PALHADAO
3316,FAZENDA PALHADAO
3317,FAZENDA PALHADAO
3318,FAZENDA PALHADAO
3319,FAZENDA PALHADAO
3422,FAZENDA PALHADAO
3473,FAZENDA PALHADAO
3474,FAZENDA PALHADAO
3475,FAZENDA PALHADAO
3476,FAZENDA PALHADAO
3491,FAZENDA PALHADAO
3523,FAZENDA PALHADAO
3524,FAZENDA PALHADAO
3647,FAZENDA PALHADAO
3648,FAZENDA PALHADAO
3649,FAZENDA PALHADAO
3650,FAZENDA PALHADAO
3651,FAZENDA PALHADAO
3736,FAZENDA PALHADAO
3761,FAZENDA PALHADAO
3762,FAZENDA PALHADAO
3763,FAZENDA PALHADAO
3764,FAZENDA PALHADAO
3787,FAZENDA PALHADAO
3789,FAZENDA PALHADAO
3795,FAZENDA PALHADAO
3801,FAZENDA PALHADAO
3816,FAZENDA PALHADAO
3817,FAZENDA PALHADAO
3818,FAZENDA PALHADAO
3819,FAZENDA PALHADAO
3824,FAZENDA PALHADAO
3838,FAZENDA PALHADAO
3862,FAZENDA PALHADAO
3929,FAZENDA PALHADAO
3930,FAZENDA PALHADAO
3931,FAZENDA PALHADAO
3932,FAZENDA PALHADAO
3933,FAZENDA PALHADAO
3934,FAZENDA PALHADAO
3935,FAZENDA PALHADAO
3936,FAZENDA PALHADAO
3937,FAZENDA PALHADAO
3938,FAZENDA PALHADAO
3939,FAZENDA PALHADAO
3940,FAZENDA PALHADAO
3941,FAZENDA PALHADAO
3942,FAZENDA PALHADAO
3943,FAZENDA PALHADAO
3944,FAZENDA PALHADAO
3945,FAZENDA PALHADAO
3946,FAZENDA PALHADAO
3947,FAZENDA PALHADAO
3948,FAZENDA PALHADAO
3949,FAZENDA PALHADAO
3950,FAZENDA PALHADAO
3951,FAZENDA PALHADAO
3952,FAZENDA PALHADAO
3953,FAZENDA PALHADAO
3954,FAZENDA PALHADAO
3955,FAZENDA PALHADAO
3956,FAZENDA PALHADAO
3957,FAZENDA PALHADAO
3958,FAZENDA PALHADAO
3959,FAZENDA PALHADAO
3960,FAZENDA PALHADAO
3961,FAZENDA PALHADAO
3962,FAZENDA PALHADAO
3963,FAZENDA PALHADAO
3964,FAZENDA PALHADAO
3965,FAZENDA PALHADAO
3966,FAZENDA PALHADAO
3967,FAZENDA PALHADAO
3968,FAZENDA PALHADAO
3969,FAZENDA PALHADAO
3970,FAZENDA PALHADAO
3971,FAZENDA PALHADAO
3987,FAZENDA PALHADAO
4016,FAZENDA PALHADAO
4188,FAZENDA PALHADAO
4189,FAZENDA PALHADAO
4243,FAZENDA PALHADAO
4245,FAZENDA PALHADAO
4247,FAZENDA PALHADAO
4248,FAZENDA PALHADAO
4265,FAZENDA PALHADAO
4272,FAZENDA PALHADAO
4285,FAZENDA PALHADAO
4286,FAZENDA PALHADAO
4287,FAZENDA PALHADAO
4373,FAZENDA PALHADAO
4441,FAZENDA PALHADAO
4459,FAZENDA PALHADAO
4482,FAZENDA PALHADAO
4503,FAZENDA PALHADAO
4505,FAZENDA PALHADAO
4506,FAZENDA PALHADAO
4507,FAZENDA PALHADAO
4508,FAZENDA PALHADAO
4509,FAZENDA PALHADAO
4510,FAZENDA PALHADAO
4511,FAZENDA PALHADAO
4512,FAZENDA PALHADAO
4513,FAZENDA PALHADAO
4514,FAZENDA PALHADAO
4515,FAZENDA PALHADAO
4525,FAZENDA PALHADAO
4526,FAZENDA PALHADAO
4562,FAZENDA PALHADAO
4563,FAZENDA PALHADAO
4564,FAZENDA PALHADAO
4565,FAZENDA PALHADAO
4566,FAZENDA PALHADAO
4570,FAZENDA PALHADAO
4611,FAZENDA PALHADAO
4637,FAZENDA PALHADAO
4644,FAZENDA PALHADAO
4648,FAZENDA PALHADAO
4664,FAZENDA PALHADAO
4665,FAZENDA PALHADAO
4666,FAZENDA PALHADAO
4667,FAZENDA PALHADAO
4712,FAZENDA PALHADAO
4718,FAZENDA PALHADAO
4719,FAZENDA PALHADAO
4720,FAZENDA PALHADAO
4721,FAZENDA PALHADAO
4722,FAZENDA PALHADAO
4724,FAZENDA PALHADAO
4725,FAZENDA PALHADAO
4729,FAZENDA PALHADAO
4735,FAZENDA PALHADAO
4751,FAZENDA PALHADAO
4752,FAZENDA PALHADAO
4754,FAZENDA PALHADAO
4764,FAZENDA PALHADAO
4783,FAZENDA PALHADAO
4797,FAZENDA PALHADAO
4811,FAZENDA PALHADAO
4819,FAZENDA PALHADAO
4820,FAZENDA PALHADAO
4821,FAZENDA PALHADAO
4909,FAZENDA PALHADAO
4932,FAZENDA PALHADAO
4942,FAZENDA PALHADAO
4953,FAZENDA PALHADAO
4982,FAZENDA PALHADAO
4983,FAZENDA PALHADAO
4999,FAZENDA PALHADAO
5000,FAZENDA PALHADAO
5001,FAZENDA PALHADAO
5002,FAZENDA PALHADAO
5003,FAZENDA PALHADAO
5004,FAZENDA PALHADAO
5005,FAZENDA PALHADAO
5006,FAZENDA PALHADAO
5007,FAZENDA PALHADAO
5008,FAZENDA PALHADAO
5009,FAZENDA PALHADAO
5010,FAZENDA PALHADAO
5011,FAZENDA PALHADAO
5012,FAZENDA PALHADAO
5013,FAZENDA PALHADAO
5014,FAZENDA PALHADAO
5015,FAZENDA PALHADAO
5016,FAZENDA PALHADAO
5017,FAZENDA PALHADAO
5018,FAZENDA PALHADAO
5019,FAZENDA PALHADAO
5020,FAZENDA PALHADAO
5021,FAZENDA PALHADAO
5022,FAZENDA PALHADAO
5043,FAZENDA PALHADAO
5044,FAZENDA PALHADAO
5045,FAZENDA PALHADAO
5046,FAZENDA PALHADAO
5048,FAZENDA PALHADAO
5049,FAZENDA PALHADAO
5061,FAZENDA PALHADAO
5062,FAZENDA PALHADAO
5063,FAZENDA PALHADAO
5064,FAZENDA PALHADAO
5158,FAZENDA PALHADAO
5159,FAZENDA PALHADAO
5160,FAZENDA PALHADAO
5163,FAZENDA PALHADAO
5167,FAZENDA PALHADAO
5193,FAZENDA PALHADAO
5231,FAZENDA PALHADAO
5260,FAZENDA PALHADAO
5261,FAZENDA PALHADAO
5262,FAZENDA PALHADAO
5263,FAZENDA PALHADAO
5274,FAZENDA PALHADAO
5345,FAZENDA PALHADAO
5477,FAZENDA PALHADAO
5478,FAZENDA PALHADAO
5479,FAZENDA PALHADAO
5480,FAZENDA PALHADAO
5534,FAZENDA PALHADAO
5574,FAZENDA PALHADAO
5632,FAZENDA PALHADAO
5640,FAZENDA PALHADAO
5641,FAZENDA PALHADAO
5642,FAZENDA PALHADAO
5643,FAZENDA PALHADAO
5753,FAZENDA PALHADAO
5758,FAZENDA PALHADAO
5759,FAZENDA PALHADAO
5760,FAZENDA PALHADAO
5761,FAZENDA PALHADAO
5762,FAZENDA PALHADAO
5763,FAZENDA PALHADAO
5764,FAZENDA PALHADAO
5765,FAZENDA PALHADAO
5766,FAZENDA PALHADAO
5767,FAZENDA PALHADAO
5768,FAZENDA PALHADAO
5769,FAZENDA PALHADAO
5829,FAZENDA PALHADAO
5882,FAZENDA PALHADAO
5990,FAZENDA PALHADAO
5991,FAZENDA PALHADAO
5992,FAZENDA PALHADAO
5993,FAZENDA PALHADAO
6039,FAZENDA PALHADAO
6040,FAZENDA PALHADAO
6062,FAZENDA PALHADAO
6063,FAZENDA PALHADAO
6148,FAZENDA PALHADAO
6150,FAZENDA PALHADAO
6164,FAZENDA PALHADAO
6165,FAZENDA PALHADAO
6166,FAZENDA PALHADAO
6167,FAZENDA PALHADAO
6179,FAZENDA PALHADAO
6210,FAZENDA PALHADAO
6211,FAZENDA PALHADAO
6212,FAZENDA PALHADAO
6213,FAZENDA PALHADAO
6214,FAZENDA PALHADAO
6215,FAZENDA PALHADAO
6216,FAZENDA PALHADAO
6217,FAZENDA PALHADAO
6260,FAZENDA PALHADAO
6261,FAZENDA PALHADAO
6262,FAZENDA PALHADAO
6263,FAZENDA PALHADAO
6264,FAZENDA PALHADAO
6265,FAZENDA PALHADAO
6266,FAZENDA PALHADAO
6267,FAZENDA PALHADAO
6268,FAZENDA PALHADAO
6269,FAZENDA PALHADAO
6270,FAZENDA PALHADAO
6271,FAZENDA PALHADAO
6272,FAZENDA PALHADAO
6273,FAZENDA PALHADAO
6274,FAZENDA PALHADAO
6275,FAZENDA PALHADAO
6276,FAZENDA PALHADAO
6277,FAZENDA PALHADAO
6278,FAZENDA PALHADAO
6279,FAZENDA PALHADAO
6280,FAZENDA PALHADAO
6281,FAZENDA PALHADAO
6282,FAZENDA PALHADAO
6283,FAZENDA PALHADAO
6284,FAZENDA PALHADAO
6285,FAZENDA PALHADAO
6286,FAZENDA PALHADAO
6287,FAZENDA PALHADAO
6288,FAZENDA PALHADAO
6289,FAZENDA PALHADAO
6290,FAZENDA PALHADAO
6291,FAZENDA PALHADAO
6292,FAZENDA PALHADAO
6293,FAZENDA PALHADAO
6294,FAZENDA PALHADAO
6295,FAZENDA PALHADAO
6296,FAZENDA PALHADAO
6297,FAZENDA PALHADAO
6298,FAZENDA PALHADAO
6299,FAZENDA PALHADAO
6300,FAZENDA PALHADAO
6301,FAZENDA PALHADAO
6302,FAZENDA PALHADAO
6303,FAZENDA PALHADAO
6304,FAZENDA PALHADAO
6305,FAZENDA PALHADAO
6306,FAZENDA PALHADAO
6307,FAZENDA PALHADAO
6308,FAZENDA PALHADAO
6309,FAZENDA PALHADAO
6310,FAZENDA PALHADAO
6311,FAZENDA PALHADAO
6312,FAZENDA PALHADAO
6313,FAZENDA PALHADAO
6314,FAZENDA PALHADAO
6320,FAZENDA PALHADAO
6321,FAZENDA PALHADAO
6372,FAZENDA PALHADAO
6373,FAZENDA PALHADAO
6475,FAZENDA PALHADAO
6502,FAZENDA PALHADAO
6527,FAZENDA PALHADAO
6554,FAZENDA PALHADAO
6557,FAZENDA PALHADAO
6558,FAZENDA PALHADAO
6559,FAZENDA PALHADAO
6580,FAZENDA PALHADAO
6604,FAZENDA PALHADAO
6685,FAZENDA PALHADAO
6686,FAZENDA PALHADAO
6687,FAZENDA PALHADAO
6688,FAZENDA PALHADAO
6689,FAZENDA PALHADAO
6690,FAZENDA PALHADAO
6691,FAZENDA PALHADAO
6692,FAZENDA PALHADAO
6693,FAZENDA PALHADAO
6694,FAZENDA PALHADAO
6695,FAZENDA PALHADAO
6696,FAZENDA PALHADAO
6697,FAZENDA PALHADAO
6698,FAZENDA PALHADAO
6699,FAZENDA PALHADAO
6700,FAZENDA PALHADAO
6701,FAZENDA PALHADAO
6702,FAZENDA PALHADAO
6703,FAZENDA PALHADAO
6704,FAZENDA PALHADAO
6705,FAZENDA PALHADAO
6706,FAZENDA PALHADAO
6707,FAZENDA PALHADAO
6708,FAZENDA PALHADAO
6709,FAZENDA PALHADAO
6717,FAZENDA PALHADAO
6725,FAZENDA PALHADAO
6727,FAZENDA PALHADAO
6728,FAZENDA PALHADAO
6733,FAZENDA PALHADAO
6734,FAZENDA PALHADAO
6735,FAZENDA PALHADAO
6736,FAZENDA PALHADAO
6737,FAZENDA PALHADAO
6742,FAZENDA PALHADAO
6796,FAZENDA PALHADAO
6823,FAZENDA PALHADAO
6840,FAZENDA PALHADAO
6841,FAZENDA PALHADAO
6914,FAZENDA PALHADAO
6918,FAZENDA PALHADAO
6928,FAZENDA PALHADAO
6929,FAZENDA PALHADAO
6930,FAZENDA PALHADAO
6940,FAZENDA PALHADAO
6979,FAZENDA PALHADAO
7011,FAZENDA PALHADAO
7012,FAZENDA PALHADAO
7013,FAZENDA PALHADAO
7014,FAZENDA PALHADAO
7116,FAZENDA PALHADAO
7135,FAZENDA PALHADAO
7193,FAZENDA PALHADAO
7202,FAZENDA PALHADAO
7226,FAZENDA PALHADAO
7227,FAZENDA PALHADAO
7228,FAZENDA PALHADAO
7229,FAZENDA PALHADAO
7317,FAZENDA PALHADAO
7318,FAZENDA PALHADAO
7429,FAZENDA PALHADAO
7432,FAZENDA PALHADAO
7491,FAZENDA PALHADAO
7507,FAZENDA PALHADAO
7509,FAZENDA PALHADAO
7510,FAZENDA PALHADAO
7585,FAZENDA PALHADAO
7689,FAZENDA PALHADAO
7690,FAZENDA PALHADAO
7691,FAZENDA PALHADAO
7692,FAZENDA PALHADAO
7693,FAZENDA PALHADAO
7694,FAZENDA PALHADAO
7695,FAZENDA PALHADAO
7696,FAZENDA PALHADAO
7704,FAZENDA PALHADAO
7706,FAZENDA PALHADAO
7707,FAZENDA PALHADAO
7711,FAZENDA PALHADAO
7713,FAZENDA PALHADAO
7714,FAZENDA PALHADAO
7717,FAZENDA PALHADAO
7718,FAZENDA PALHADAO
7719,FAZENDA PALHADAO
7720,FAZENDA PALHADAO
7721,FAZENDA PALHADAO
7722,FAZENDA PALHADAO
7723,FAZENDA PALHADAO
7724,FAZENDA PALHADAO
7738,FAZENDA PALHADAO
7739,FAZENDA PALHADAO
7789,FAZENDA PALHADAO
7877,FAZENDA PALHADAO
7878,FAZENDA PALHADAO
7879,FAZENDA PALHADAO
7880,FAZENDA PALHADAO
7881,FAZENDA PALHADAO
7889,FAZENDA PALHADAO
7890,FAZENDA PALHADAO
7891,FAZENDA PALHADAO
8211,FAZENDA PALHADAO
8247,FAZENDA PALHADAO
8294,FAZENDA PALHADAO
8395,FAZENDA PALHADAO
8425,FAZENDA PALHADAO
8457,FAZENDA PALHADAO
8458,FAZENDA PALHADAO
8459,FAZENDA PALHADAO
8460,FAZENDA PALHADAO
8461,FAZENDA PALHADAO
8462,FAZENDA PALHADAO
8498,FAZENDA PALHADAO
8586,FAZENDA PALHADAO
8666,FAZENDA PALHADAO
8677,FAZENDA PALHADAO
8731,FAZENDA PALHADAO
8734,FAZENDA PALHADAO
8783,FAZENDA PALHADAO
8784,FAZENDA PALHADAO
8785,FAZENDA PALHADAO
8786,FAZENDA PALHADAO
8795,FAZENDA PALHADAO
8796,FAZENDA PALHADAO
8797,FAZENDA PALHADAO
8798,FAZENDA PALHADAO
8807,FAZENDA PALHADAO
8808,FAZENDA PALHADAO
8809,FAZENDA PALHADAO
8810,FAZENDA PALHADAO
8819,FAZENDA PALHADAO
8820,FAZENDA PALHADAO
8821,FAZENDA PALHADAO
8822,FAZENDA PALHADAO
8831,FAZENDA PALHADAO
8853,FAZENDA PALHADAO
8921,FAZENDA PALHADAO
8924,FAZENDA PALHADAO
8937,FAZENDA PALHADAO
8976,FAZENDA PALHADAO
8977,FAZENDA PALHADAO
8992,FAZENDA PALHADAO
8993,FAZENDA PALHADAO
8994,FAZENDA PALHADAO
8995,FAZENDA PALHADAO
8996,FAZENDA PALHADAO
8997,FAZENDA PALHADAO
8998,FAZENDA PALHADAO
8999,FAZENDA PALHADAO
9000,FAZENDA PALHADAO
9001,FAZENDA PALHADAO
9002,FAZENDA PALHADAO
9003,FAZENDA PALHADAO
9004,FAZENDA PALHADAO
9005,FAZENDA PALHADAO
9006,FAZENDA PALHADAO
9007,FAZENDA PALHADAO
9008,FAZENDA PALHADAO
9009,FAZENDA PALHADAO
9012,FAZENDA PALHADAO
9020,FAZENDA PALHADAO
9025,FAZENDA PALHADAO
9026,FAZENDA PALHADAO
9027,FAZENDA PALHADAO
9048,FAZENDA PALHADAO
9072,FAZENDA PALHADAO
9074,FAZENDA PALHADAO
9075,FAZENDA PALHADAO
9076,FAZENDA PALHADAO
9077,FAZENDA PALHADAO
9086,FAZENDA PALHADAO
9087,FAZENDA PALHADAO
9088,FAZENDA PALHADAO
9089,FAZENDA PALHADAO
9117,FAZENDA PALHADAO
9128,FAZENDA PALHADAO
9129,FAZENDA PALHADAO
9130,FAZENDA PALHADAO
9140,FAZENDA PALHADAO
9141,FAZENDA PALHADAO
9142,FAZENDA PALHADAO
9157,FAZENDA PALHADAO
9158,FAZENDA PALHADAO
9159,FAZENDA PALHADAO
9178,FAZENDA PALHADAO
9197,FAZENDA PALHADAO
9198,FAZENDA PALHADAO
9212,FAZENDA PALHADAO
9213,FAZENDA PALHADAO
9216,FAZENDA PALHADAO
9217,FAZENDA PALHADAO
9218,FAZENDA PALHADAO
9219,FAZENDA PALHADAO
9220,FAZENDA PALHADAO
9221,FAZENDA PALHADAO
9253,FAZENDA PALHADAO
9254,FAZENDA PALHADAO
9255,FAZENDA PALHADAO
9266,FAZENDA PALHADAO
9267,FAZENDA PALHADAO
9268,FAZENDA PALHADAO
9269,FAZENDA PALHADAO
9277,FAZENDA PALHADAO
9293,FAZENDA PALHADAO
9296,FAZENDA PALHADAO
9298,FAZENDA PALHADAO
9307,FAZENDA PALHADAO
9329,FAZENDA PALHADAO
9330,FAZENDA PALHADAO
9331,FAZENDA PALHADAO
9364,FAZENDA PALHADAO
9381,FAZENDA PALHADAO
9399,FAZENDA PALHADAO
9428,FAZENDA PALHADAO
9433,FAZENDA PALHADAO
9436,FAZENDA PALHADAO
9446,FAZENDA PALHADAO
9492,FAZENDA PALHADAO
9517,FAZENDA PALHADAO
9523,FAZENDA PALHADAO
9527,FAZENDA PALHADAO
9532,FAZENDA PALHADAO
9561,FAZENDA PALHADAO
9570,FAZENDA PALHADAO
9571,FAZENDA PALHADAO
9580,FAZENDA PALHADAO
9581,FAZENDA PALHADAO
9590,FAZENDA PALHADAO
9591,FAZENDA PALHADAO
9619,FAZENDA PALHADAO
9622,FAZENDA PALHADAO
9623,FAZENDA PALHADAO
9625,FAZENDA PALHADAO
9649,FAZENDA PALHADAO
9664,FAZENDA PALHADAO
9666,FAZENDA PALHADAO
9671,FAZENDA PALHADAO
9675,FAZENDA PALHADAO
9676,FAZENDA PALHADAO
9680,FAZENDA PALHADAO
9710,FAZENDA PALHADAO
9753,FAZENDA PALHADAO
9802,FAZENDA PALHADAO
9858,FAZENDA PALHADAO
9866,FAZENDA PALHADAO
9882,FAZENDA PALHADAO
9909,FAZENDA PALHADAO
9916,FAZENDA PALHADAO
9921,FAZENDA PALHADAO
9922,FAZENDA PALHADAO
9923,FAZENDA PALHADAO
9924,FAZENDA PALHADAO
9925,FAZENDA PALHADAO
9926,FAZENDA PALHADAO
9927,FAZENDA PALHADAO
9928,FAZENDA PALHADAO
9929,FAZENDA PALHADAO
9930,FAZENDA PALHADAO
9931,FAZENDA PALHADAO
9932,FAZENDA PALHADAO
9933,FAZENDA PALHADAO
9934,FAZENDA PALHADAO
9935,FAZENDA PALHADAO
9936,FAZENDA PALHADAO
9937,FAZENDA PALHADAO
9938,FAZENDA PALHADAO
9985,FAZENDA PALHADAO
9988,FAZENDA PALHADAO
9989,FAZENDA PALHADAO
10022,FAZENDA PALHADAO
10030,FAZENDA PALHADAO
21,FAZENDA PALMITO
166,FAZENDA PALMITO
167,FAZENDA PALMITO
208,FAZENDA PALMITO
234,FAZENDA PALMITO
347,FAZENDA PALMITO
348,FAZENDA PALMITO
349,FAZENDA PALMITO
350,FAZENDA PALMITO
351,FAZENDA PALMITO
352,FAZENDA PALMITO
353,FAZENDA PALMITO
354,FAZENDA PALMITO
684,FAZENDA PALMITO
685,FAZENDA PALMITO
736,FAZENDA PALMITO
982,FAZENDA PALMITO
983,FAZENDA PALMITO
1051,FAZENDA PALMITO
1052,FAZENDA PALMITO
1129,FAZENDA PALMITO
1184,FAZENDA PALMITO
1185,FAZENDA PALMITO
1200,FAZENDA PALMITO
1256,FAZENDA PALMITO
1257,FAZENDA PALMITO
1264,FAZENDA PALMITO
1265,FAZENDA PALMITO
1451,FAZENDA PALMITO
1560,FAZENDA PALMITO
1561,FAZENDA PALMITO
1566,FAZENDA PALMITO
1599,FAZENDA PALMITO
1667,FAZENDA PALMITO
1684,FAZENDA PALMITO
1688,FAZENDA PALMITO
1842,FAZENDA PALMITO
1843,FAZENDA PALMITO
1844,FAZENDA PALMITO
1854,FAZENDA PALMITO
1855,FAZENDA PALMITO
1880,FAZENDA PALMITO
2047,FAZENDA PALMITO
2057,FAZENDA PALMITO
2058,FAZENDA PALMITO
2059,FAZENDA PALMITO
2060,FAZENDA PALMITO
2081,FAZENDA PALMITO
2109,FAZENDA PALMITO
2130,FAZENDA PALMITO
2132,FAZENDA PALMITO
2133,FAZENDA PALMITO
2322,FAZENDA PALMITO
2330,FAZENDA PALMITO
2335,FAZENDA PALMITO
2336,FAZENDA PALMITO
2337,FAZENDA PALMITO
2380,FAZENDA PALMITO
2381,FAZENDA PALMITO
2402,FAZENDA PALMITO
2411,FAZENDA PALMITO
2433,FAZENDA PALMITO
2437,FAZENDA PALMITO
2448,FAZENDA PALMITO
2493,FAZENDA PALMITO
2514,FAZENDA PALMITO
2566,FAZENDA PALMITO
2567,FAZENDA PALMITO
2568,FAZENDA PALMITO
2569,FAZENDA PALMITO
2570,FAZENDA PALMITO
2571,FAZENDA PALMITO
2572,FAZENDA PALMITO
2573,FAZENDA PALMITO
2574,FAZENDA PALMITO
2575,FAZENDA PALMITO
2576,FAZENDA PALMITO
2577,FAZENDA PALMITO
2668,FAZENDA PALMITO
2669,FAZENDA PALMITO
2674,FAZENDA PALMITO
2675,FAZENDA PALMITO
2696,FAZENDA PALMITO
2697,FAZENDA PALMITO
2869,FAZENDA PALMITO
2870,FAZENDA PALMITO
2876,FAZENDA PALMITO
2945,FAZENDA PALMITO
3045,FAZENDA PALMITO
3046,FAZENDA PALMITO
3152,FAZENDA PALMITO
3312,FAZENDA PALMITO
3313,FAZENDA PALMITO
3335,FAZENDA PALMITO
3336,FAZENDA PALMITO
3361,FAZENDA PALMITO
3362,FAZENDA PALMITO
3366,FAZENDA PALMITO
3471,FAZENDA PALMITO
3472,FAZENDA PALMITO
3526,FAZENDA PALMITO
3527,FAZENDA PALMITO
3569,FAZENDA PALMITO
3579,FAZENDA PALMITO
3580,FAZENDA PALMITO
3587,FAZENDA PALMITO
3588,FAZENDA PALMITO
3589,FAZENDA PALMITO
3590,FAZENDA PALMITO
3591,FAZENDA PALMITO
3611,FAZENDA PALMITO
3617,FAZENDA PALMITO
3618,FAZENDA PALMITO
3645,FAZENDA PALMITO
3646,FAZENDA PALMITO
3814,FAZENDA PALMITO
3815,FAZENDA PALMITO
3909,FAZENDA PALMITO
3910,FAZENDA PALMITO
3911,FAZENDA PALMITO
3912,FAZENDA PALMITO
3913,FAZENDA PALMITO
3914,FAZENDA PALMITO
3915,FAZENDA PALMITO
3916,FAZENDA PALMITO
3917,FAZENDA PALMITO
3918,FAZENDA PALMITO
3919,FAZENDA PALMITO
3920,FAZENDA PALMITO
3921,FAZENDA PALMITO
3922,FAZENDA PALMITO
3923,FAZENDA PALMITO
3924,FAZENDA PALMITO
3925,FAZENDA PALMITO
3926,FAZENDA PALMITO
3927,FAZENDA PALMITO
3928,FAZENDA PALMITO
4181,FAZENDA PALMITO
4274,FAZENDA PALMITO
4298,FAZENDA PALMITO
4650,FAZENDA PALMITO
4726,FAZENDA PALMITO
4731,FAZENDA PALMITO
4741,FAZENDA PALMITO
4931,FAZENDA PALMITO
4947,FAZENDA PALMITO
5023,FAZENDA PALMITO
5041,FAZENDA PALMITO
5042,FAZENDA PALMITO
5087,FAZENDA PALMITO
5088,FAZENDA PALMITO
5089,FAZENDA PALMITO
5090,FAZENDA PALMITO
5091,FAZENDA PALMITO
5092,FAZENDA PALMITO
5104,FAZENDA PALMITO
5156,FAZENDA PALMITO
5157,FAZENDA PALMITO
5161,FAZENDA PALMITO
5192,FAZENDA PALMITO
5258,FAZENDA PALMITO
5259,FAZENDA PALMITO
5272,FAZENDA PALMITO
5273,FAZENDA PALMITO
5384,FAZENDA PALMITO
5434,FAZENDA PALMITO
5666,FAZENDA PALMITO
5709,FAZENDA PALMITO
5746,FAZENDA PALMITO
5747,FAZENDA PALMITO
5827,FAZENDA PALMITO
5828,FAZENDA PALMITO
5854,FAZENDA PALMITO
5858,FAZENDA PALMITO
5859,FAZENDA PALMITO
5860,FAZENDA PALMITO
5861,FAZENDA PALMITO
5862,FAZENDA PALMITO
5863,FAZENDA PALMITO
5864,FAZENDA PALMITO
5865,FAZENDA PALMITO
5866,FAZENDA PALMITO
5867,FAZENDA PALMITO
5868,FAZENDA PALMITO
5869,FAZENDA PALMITO
5944,FAZENDA PALMITO
6041,FAZENDA PALMITO
6042,FAZENDA PALMITO
6059,FAZENDA PALMITO
6067,FAZENDA PALMITO
6087,FAZENDA PALMITO
6128,FAZENDA PALMITO
6181,FAZENDA PALMITO
6222,FAZENDA PALMITO
6223,FAZENDA PALMITO
6236,FAZENDA PALMITO
6237,FAZENDA PALMITO
6238,FAZENDA PALMITO
6239,FAZENDA PALMITO
6240,FAZENDA PALMITO
6241,FAZENDA PALMITO
6242,FAZENDA PALMITO
6243,FAZENDA PALMITO
6244,FAZENDA PALMITO
6245,FAZENDA PALMITO
6246,FAZENDA PALMITO
6247,FAZENDA PALMITO
6248,FAZENDA PALMITO
6249,FAZENDA PALMITO
6250,FAZENDA PALMITO
6251,FAZENDA PALMITO
6252,FAZENDA PALMITO
6253,FAZENDA PALMITO
6254,FAZENDA PALMITO
6255,FAZENDA PALMITO
6256,FAZENDA PALMITO
6257,FAZENDA PALMITO
6258,FAZENDA PALMITO
6259,FAZENDA PALMITO
6499,FAZENDA PALMITO
6500,FAZENDA PALMITO
6582,FAZENDA PALMITO
6658,FAZENDA PALMITO
6741,FAZENDA PALMITO
6806,FAZENDA PALMITO
6973,FAZENDA PALMITO
7016,FAZENDA PALMITO
7066,FAZENDA PALMITO
7076,FAZENDA PALMITO
7115,FAZENDA PALMITO
7180,FAZENDA PALMITO
7181,FAZENDA PALMITO
7185,FAZENDA PALMITO
7186,FAZENDA PALMITO
7187,FAZENDA PALMITO
7188,FAZENDA PALMITO
7189,FAZENDA PALMITO
7190,FAZENDA PALMITO
7195,FAZENDA PALMITO
7198,FAZENDA PALMITO
7200,FAZENDA PALMITO
7211,FAZENDA PALMITO
7213,FAZENDA PALMITO
7219,FAZENDA PALMITO
7230,FAZENDA PALMITO
7231,FAZENDA PALMITO
7232,FAZENDA PALMITO
7233,FAZENDA PALMITO
7255,FAZENDA PALMITO
7271,FAZENDA PALMITO
7307,FAZENDA PALMITO
7321,FAZENDA PALMITO
7326,FAZENDA PALMITO
7330,FAZENDA PALMITO
7394,FAZENDA PALMITO
7397,FAZENDA PALMITO
7443,FAZENDA PALMITO
7444,FAZENDA PALMITO
7458,FAZENDA PALMITO
7464,FAZENDA PALMITO
7506,FAZENDA PALMITO
7511,FAZENDA PALMITO
7534,FAZENDA PALMITO
7538,FAZENDA PALMITO
7653,FAZENDA PALMITO
7657,FAZENDA PALMITO
7702,FAZENDA PALMITO
7703,FAZENDA PALMITO
7709,FAZENDA PALMITO
7710,FAZENDA PALMITO
7780,FAZENDA PALMITO
7781,FAZENDA PALMITO
7867,FAZENDA PALMITO
7887,FAZENDA PALMITO
7888,FAZENDA PALMITO
8090,FAZENDA PALMITO
8091,FAZENDA PALMITO
8226,FAZENDA PALMITO
8392,FAZENDA PALMITO
8393,FAZENDA PALMITO
8469,FAZENDA PALMITO
8470,FAZENDA PALMITO
8471,FAZENDA PALMITO
8472,FAZENDA PALMITO
8473,FAZENDA PALMITO
8474,FAZENDA PALMITO
8587,FAZENDA PALMITO
8588,FAZENDA PALMITO
8665,FAZENDA PALMITO
8726,FAZENDA PALMITO
8728,FAZENDA PALMITO
8739,FAZENDA PALMITO
8740,FAZENDA PALMITO
8759,FAZENDA PALMITO
8760,FAZENDA PALMITO
8761,FAZENDA PALMITO
8762,FAZENDA PALMITO
8771,FAZENDA PALMITO
8772,FAZENDA PALMITO
8773,FAZENDA PALMITO
8774,FAZENDA PALMITO
8949,FAZENDA PALMITO
8950,FAZENDA PALMITO
9127,FAZENDA PALMITO
9241,FAZENDA PALMITO
9242,FAZENDA PALMITO
9290,FAZENDA PALMITO
9291,FAZENDA PALMITO
9294,FAZENDA PALMITO
9295,FAZENDA PALMITO
9297,FAZENDA PALMITO
9351,FAZENDA PALMITO
9358,FAZENDA PALMITO
9359,FAZENDA PALMITO
9455,FAZENDA PALMITO
9456,FAZENDA PALMITO
9507,FAZENDA PALMITO
9534,FAZENDA PALMITO
9541,FAZENDA PALMITO
9542,FAZENDA PALMITO
9551,FAZENDA PALMITO
9552,FAZENDA PALMITO
9689,FAZENDA PALMITO
9863,FAZENDA PALMITO
9864,FAZENDA PALMITO
9919,FAZENDA PALMITO
65,FAZENDA REUNIDAS
77,FAZENDA REUNIDAS
79,FAZENDA REUNIDAS
115,FAZENDA REUNIDAS
247,FAZENDA REUNIDAS
260,FAZENDA REUNIDAS
261,FAZENDA REUNIDAS
262,FAZENDA REUNIDAS
280,FAZENDA REUNIDAS
364,FAZENDA REUNIDAS
365,FAZENDA REUNIDAS
366,FAZENDA REUNIDAS
367,FAZENDA REUNIDAS
368,FAZENDA REUNIDAS
369,FAZENDA REUNIDAS
370,FAZENDA REUNIDAS
560,FAZENDA REUNIDAS
604,FAZENDA REUNIDAS
653,FAZENDA REUNIDAS
662,FAZENDA REUNIDAS
675,FAZENDA REUNIDAS
775,FAZENDA REUNIDAS
799,FAZENDA REUNIDAS
816,FAZENDA REUNIDAS
926,FAZENDA REUNIDAS
933,FAZENDA REUNIDAS
996,FAZENDA REUNIDAS
1034,FAZENDA REUNIDAS
1056,FAZENDA REUNIDAS
1068,FAZENDA REUNIDAS
1069,FAZENDA REUNIDAS
1071,FAZENDA REUNIDAS
1094,FAZENDA REUNIDAS
1139,FAZENDA REUNIDAS
1141,FAZENDA REUNIDAS
1144,FAZENDA REUNIDAS
1148,FAZENDA REUNIDAS
1209,FAZENDA REUNIDAS
1218,FAZENDA REUNIDAS
1439,FAZENDA REUNIDAS
1455,FAZENDA REUNIDAS
1456,FAZENDA REUNIDAS
1457,FAZENDA REUNIDAS
1472,FAZENDA REUNIDAS
1494,FAZENDA REUNIDAS
1587,FAZENDA REUNIDAS
1605,FAZENDA REUNIDAS
1653,FAZENDA REUNIDAS
1657,FAZENDA REUNIDAS
1834,FAZENDA REUNIDAS
1841,FAZENDA REUNIDAS
1865,FAZENDA REUNIDAS
1897,FAZENDA REUNIDAS
1898,FAZENDA REUNIDAS
2020,FAZENDA REUNIDAS
2146,FAZENDA REUNIDAS
2317,FAZENDA REUNIDAS
2342,FAZENDA REUNIDAS
2358,FAZENDA REUNIDAS
2464,FAZENDA REUNIDAS
2465,FAZENDA REUNIDAS
2466,FAZENDA REUNIDAS
2467,FAZENDA REUNIDAS
2468,FAZENDA REUNIDAS
2469,FAZENDA REUNIDAS
2470,FAZENDA REUNIDAS
2471,FAZENDA REUNIDAS
2472,FAZENDA REUNIDAS
2473,FAZENDA REUNIDAS
2474,FAZENDA REUNIDAS
2602,FAZENDA REUNIDAS
2685,FAZENDA REUNIDAS
2782,FAZENDA REUNIDAS
2783,FAZENDA REUNIDAS
2853,FAZENDA REUNIDAS
2894,FAZENDA REUNIDAS
2896,FAZENDA REUNIDAS
2983,FAZENDA REUNIDAS
3008,FAZENDA REUNIDAS
3149,FAZENDA REUNIDAS
3259,FAZENDA REUNIDAS
3348,FAZENDA REUNIDAS
3353,FAZENDA REUNIDAS
3456,FAZENDA REUNIDAS
3508,FAZENDA REUNIDAS
3557,FAZENDA REUNIDAS
3595,FAZENDA REUNIDAS
3661,FAZENDA REUNIDAS
3679,FAZENDA REUNIDAS
3730,FAZENDA REUNIDAS
3732,FAZENDA REUNIDAS
3745,FAZENDA REUNIDAS
3746,FAZENDA REUNIDAS
3747,FAZENDA REUNIDAS
3748,FAZENDA REUNIDAS
3749,FAZENDA REUNIDAS
3751,FAZENDA REUNIDAS
3752,FAZENDA REUNIDAS
3765,FAZENDA REUNIDAS
3766,FAZENDA REUNIDAS
3767,FAZENDA REUNIDAS
3769,FAZENDA REUNIDAS
3790,FAZENDA REUNIDAS
3806,FAZENDA REUNIDAS
4101,FAZENDA REUNIDAS
2,FAZENDA SANTA ALICE
3,FAZENDA SANTA ALICE
15,FAZENDA SANTA ALICE
22,FAZENDA SANTA ALICE
35,FAZENDA SANTA ALICE
55,FAZENDA SANTA ALICE
56,FAZENDA SANTA ALICE
57,FAZENDA SANTA ALICE
78,FAZENDA SANTA ALICE
80,FAZENDA SANTA ALICE
95,FAZENDA SANTA ALICE
97,FAZENDA SANTA ALICE
117,FAZENDA SANTA ALICE
135,FAZENDA SANTA ALICE
136,FAZENDA SANTA ALICE
137,FAZENDA SANTA ALICE
139,FAZENDA SANTA ALICE
155,FAZENDA SANTA ALICE
161,FAZENDA SANTA ALICE
162,FAZENDA SANTA ALICE
165,FAZENDA SANTA ALICE
185,FAZENDA SANTA ALICE
186,FAZENDA SANTA ALICE
190,FAZENDA SANTA ALICE
191,FAZENDA SANTA ALICE
192,FAZENDA SANTA ALICE
193,FAZENDA SANTA ALICE
194,FAZENDA SANTA ALICE
199,FAZENDA SANTA ALICE
207,FAZENDA SANTA ALICE
216,FAZENDA SANTA ALICE
218,FAZENDA SANTA ALICE
219,FAZENDA SANTA ALICE
220,FAZENDA SANTA ALICE
221,FAZENDA SANTA ALICE
223,FAZENDA SANTA ALICE
226,FAZENDA SANTA ALICE
228,FAZENDA SANTA ALICE
230,FAZENDA SANTA ALICE
231,FAZENDA SANTA ALICE
233,FAZENDA SANTA ALICE
239,FAZENDA SANTA ALICE
241,FAZENDA SANTA ALICE
243,FAZENDA SANTA ALICE
245,FAZENDA SANTA ALICE
248,FAZENDA SANTA ALICE
250,FAZENDA SANTA ALICE
259,FAZENDA SANTA ALICE
264,FAZENDA SANTA ALICE
270,FAZENDA SANTA ALICE
276,FAZENDA SANTA ALICE
288,FAZENDA SANTA ALICE
306,FAZENDA SANTA ALICE
333,FAZENDA SANTA ALICE
334,FAZENDA SANTA ALICE
384,FAZENDA SANTA ALICE
389,FAZENDA SANTA ALICE
405,FAZENDA SANTA ALICE
407,FAZENDA SANTA ALICE
410,FAZENDA SANTA ALICE
414,FAZENDA SANTA ALICE
558,FAZENDA SANTA ALICE
559,FAZENDA SANTA ALICE
563,FAZENDA SANTA ALICE
572,FAZENDA SANTA ALICE
573,FAZENDA SANTA ALICE
574,FAZENDA SANTA ALICE
575,FAZENDA SANTA ALICE
576,FAZENDA SANTA ALICE
577,FAZENDA SANTA ALICE
596,FAZENDA SANTA ALICE
597,FAZENDA SANTA ALICE
598,FAZENDA SANTA ALICE
599,FAZENDA SANTA ALICE
613,FAZENDA SANTA ALICE
615,FAZENDA SANTA ALICE
617,FAZENDA SANTA ALICE
618,FAZENDA SANTA ALICE
629,FAZENDA SANTA ALICE
630,FAZENDA SANTA ALICE
631,FAZENDA SANTA ALICE
632,FAZENDA SANTA ALICE
633,FAZENDA SANTA ALICE
669,FAZENDA SANTA ALICE
670,FAZENDA SANTA ALICE
693,FAZENDA SANTA ALICE
694,FAZENDA SANTA ALICE
704,FAZENDA SANTA ALICE
705,FAZENDA SANTA ALICE
706,FAZENDA SANTA ALICE
707,FAZENDA SANTA ALICE
709,FAZENDA SANTA ALICE
710,FAZENDA SANTA ALICE
711,FAZENDA SANTA ALICE
712,FAZENDA SANTA ALICE
713,FAZENDA SANTA ALICE
714,FAZENDA SANTA ALICE
715,FAZENDA SANTA ALICE
716,FAZENDA SANTA ALICE
720,FAZENDA SANTA ALICE
724,FAZENDA SANTA ALICE
728,FAZENDA SANTA ALICE
735,FAZENDA SANTA ALICE
746,FAZENDA SANTA ALICE
749,FAZENDA SANTA ALICE
750,FAZENDA SANTA ALICE
751,FAZENDA SANTA ALICE
752,FAZENDA SANTA ALICE
757,FAZENDA SANTA ALICE
758,FAZENDA SANTA ALICE
767,FAZENDA SANTA ALICE
768,FAZENDA SANTA ALICE
771,FAZENDA SANTA ALICE
772,FAZENDA SANTA ALICE
773,FAZENDA SANTA ALICE
789,FAZENDA SANTA ALICE
790,FAZENDA SANTA ALICE
791,FAZENDA SANTA ALICE
803,FAZENDA SANTA ALICE
818,FAZENDA SANTA ALICE
826,FAZENDA SANTA ALICE
827,FAZENDA SANTA ALICE
836,FAZENDA SANTA ALICE
837,FAZENDA SANTA ALICE
840,FAZENDA SANTA ALICE
919,FAZENDA SANTA ALICE
920,FAZENDA SANTA ALICE
923,FAZENDA SANTA ALICE
927,FAZENDA SANTA ALICE
932,FAZENDA SANTA ALICE
946,FAZENDA SANTA ALICE
959,FAZENDA SANTA ALICE
963,FAZENDA SANTA ALICE
964,FAZENDA SANTA ALICE
969,FAZENDA SANTA ALICE
990,FAZENDA SANTA ALICE
991,FAZENDA SANTA ALICE
993,FAZENDA SANTA ALICE
994,FAZENDA SANTA ALICE
998,FAZENDA SANTA ALICE
1000,FAZENDA SANTA ALICE
1031,FAZENDA SANTA ALICE
1033,FAZENDA SANTA ALICE
1036,FAZENDA SANTA ALICE
1039,FAZENDA SANTA ALICE
1042,FAZENDA SANTA ALICE
1043,FAZENDA SANTA ALICE
1074,FAZENDA SANTA ALICE
1089,FAZENDA SANTA ALICE
1090,FAZENDA SANTA ALICE
1130,FAZENDA SANTA ALICE
1131,FAZENDA SANTA ALICE
1132,FAZENDA SANTA ALICE
1143,FAZENDA SANTA ALICE
1152,FAZENDA SANTA ALICE
1168,FAZENDA SANTA ALICE
1170,FAZENDA SANTA ALICE
1171,FAZENDA SANTA ALICE
1172,FAZENDA SANTA ALICE
1173,FAZENDA SANTA ALICE
1174,FAZENDA SANTA ALICE
1175,FAZENDA SANTA ALICE
1176,FAZENDA SANTA ALICE
1177,FAZENDA SANTA ALICE
1178,FAZENDA SANTA ALICE
1179,FAZENDA SANTA ALICE
1180,FAZENDA SANTA ALICE
1186,FAZENDA SANTA ALICE
1188,FAZENDA SANTA ALICE
1189,FAZENDA SANTA ALICE
1190,FAZENDA SANTA ALICE
1192,FAZENDA SANTA ALICE
1193,FAZENDA SANTA ALICE
1194,FAZENDA SANTA ALICE
1207,FAZENDA SANTA ALICE
1208,FAZENDA SANTA ALICE
1217,FAZENDA SANTA ALICE
1220,FAZENDA SANTA ALICE
1240,FAZENDA SANTA ALICE
1241,FAZENDA SANTA ALICE
1242,FAZENDA SANTA ALICE
1243,FAZENDA SANTA ALICE
1244,FAZENDA SANTA ALICE
1250,FAZENDA SANTA ALICE
1254,FAZENDA SANTA ALICE
1263,FAZENDA SANTA ALICE
1317,FAZENDA SANTA ALICE
1322,FAZENDA SANTA ALICE
1411,FAZENDA SANTA ALICE
1427,FAZENDA SANTA ALICE
1428,FAZENDA SANTA ALICE
1438,FAZENDA SANTA ALICE
1445,FAZENDA SANTA ALICE
1460,FAZENDA SANTA ALICE
1465,FAZENDA SANTA ALICE
1466,FAZENDA SANTA ALICE
1467,FAZENDA SANTA ALICE
1477,FAZENDA SANTA ALICE
1478,FAZENDA SANTA ALICE
1479,FAZENDA SANTA ALICE
1480,FAZENDA SANTA ALICE
1481,FAZENDA SANTA ALICE
1482,FAZENDA SANTA ALICE
1483,FAZENDA SANTA ALICE
1484,FAZENDA SANTA ALICE
1485,FAZENDA SANTA ALICE
1486,FAZENDA SANTA ALICE
1487,FAZENDA SANTA ALICE
1488,FAZENDA SANTA ALICE
1506,FAZENDA SANTA ALICE
1507,FAZENDA SANTA ALICE
1508,FAZENDA SANTA ALICE
1522,FAZENDA SANTA ALICE
1523,FAZENDA SANTA ALICE
1524,FAZENDA SANTA ALICE
1525,FAZENDA SANTA ALICE
1526,FAZENDA SANTA ALICE
1559,FAZENDA SANTA ALICE
1568,FAZENDA SANTA ALICE
1570,FAZENDA SANTA ALICE
1576,FAZENDA SANTA ALICE
1578,FAZENDA SANTA ALICE
1582,FAZENDA SANTA ALICE
1586,FAZENDA SANTA ALICE
1588,FAZENDA SANTA ALICE
1602,FAZENDA SANTA ALICE
1606,FAZENDA SANTA ALICE
1609,FAZENDA SANTA ALICE
1610,FAZENDA SANTA ALICE
1611,FAZENDA SANTA ALICE
1612,FAZENDA SANTA ALICE
1613,FAZENDA SANTA ALICE
1617,FAZENDA SANTA ALICE
1618,FAZENDA SANTA ALICE
1619,FAZENDA SANTA ALICE
1621,FAZENDA SANTA ALICE
1625,FAZENDA SANTA ALICE
1626,FAZENDA SANTA ALICE
1631,FAZENDA SANTA ALICE
1656,FAZENDA SANTA ALICE
1658,FAZENDA SANTA ALICE
1669,FAZENDA SANTA ALICE
1670,FAZENDA SANTA ALICE
1671,FAZENDA SANTA ALICE
1672,FAZENDA SANTA ALICE
1682,FAZENDA SANTA ALICE
1685,FAZENDA SANTA ALICE
1686,FAZENDA SANTA ALICE
1701,FAZENDA SANTA ALICE
1702,FAZENDA SANTA ALICE
1703,FAZENDA SANTA ALICE
1704,FAZENDA SANTA ALICE
1705,FAZENDA SANTA ALICE
1706,FAZENDA SANTA ALICE
1714,FAZENDA SANTA ALICE
1719,FAZENDA SANTA ALICE
1727,FAZENDA SANTA ALICE
1729,FAZENDA SANTA ALICE
1730,FAZENDA SANTA ALICE
1731,FAZENDA SANTA ALICE
1732,FAZENDA SANTA ALICE
1733,FAZENDA SANTA ALICE
1734,FAZENDA SANTA ALICE
1737,FAZENDA SANTA ALICE
1783,FAZENDA SANTA ALICE
1784,FAZENDA SANTA ALICE
1785,FAZENDA SANTA ALICE
1786,FAZENDA SANTA ALICE
1800,FAZENDA SANTA ALICE
1805,FAZENDA SANTA ALICE
1822,FAZENDA SANTA ALICE
1823,FAZENDA SANTA ALICE
1824,FAZENDA SANTA ALICE
1826,FAZENDA SANTA ALICE
1832,FAZENDA SANTA ALICE
1833,FAZENDA SANTA ALICE
1835,FAZENDA SANTA ALICE
1836,FAZENDA SANTA ALICE
1856,FAZENDA SANTA ALICE
1857,FAZENDA SANTA ALICE
1861,FAZENDA SANTA ALICE
1862,FAZENDA SANTA ALICE
1863,FAZENDA SANTA ALICE
1864,FAZENDA SANTA ALICE
1866,FAZENDA SANTA ALICE
1868,FAZENDA SANTA ALICE
1869,FAZENDA SANTA ALICE
1872,FAZENDA SANTA ALICE
1873,FAZENDA SANTA ALICE
1882,FAZENDA SANTA ALICE
1883,FAZENDA SANTA ALICE
1888,FAZENDA SANTA ALICE
1908,FAZENDA SANTA ALICE
1909,FAZENDA SANTA ALICE
1913,FAZENDA SANTA ALICE
1914,FAZENDA SANTA ALICE
1921,FAZENDA SANTA ALICE
1926,FAZENDA SANTA ALICE
1927,FAZENDA SANTA ALICE
1929,FAZENDA SANTA ALICE
1937,FAZENDA SANTA ALICE
1940,FAZENDA SANTA ALICE
1941,FAZENDA SANTA ALICE
1942,FAZENDA SANTA ALICE
1945,FAZENDA SANTA ALICE
1950,FAZENDA SANTA ALICE
1951,FAZENDA SANTA ALICE
1952,FAZENDA SANTA ALICE
1957,FAZENDA SANTA ALICE
1958,FAZENDA SANTA ALICE
1959,FAZENDA SANTA ALICE
1968,FAZENDA SANTA ALICE
1969,FAZENDA SANTA ALICE
1970,FAZENDA SANTA ALICE
1971,FAZENDA SANTA ALICE
1976,FAZENDA SANTA ALICE
1979,FAZENDA SANTA ALICE
1981,FAZENDA SANTA ALICE
1983,FAZENDA SANTA ALICE
1984,FAZENDA SANTA ALICE
2001,FAZENDA SANTA ALICE
2023,FAZENDA SANTA ALICE
2024,FAZENDA SANTA ALICE
2025,FAZENDA SANTA ALICE
2033,FAZENDA SANTA ALICE
2034,FAZENDA SANTA ALICE
2040,FAZENDA SANTA ALICE
2069,FAZENDA SANTA ALICE
2070,FAZENDA SANTA ALICE
2071,FAZENDA SANTA ALICE
2072,FAZENDA SANTA ALICE
2082,FAZENDA SANTA ALICE
2083,FAZENDA SANTA ALICE
2084,FAZENDA SANTA ALICE
2094,FAZENDA SANTA ALICE
2095,FAZENDA SANTA ALICE
2096,FAZENDA SANTA ALICE
2097,FAZENDA SANTA ALICE
2098,FAZENDA SANTA ALICE
2102,FAZENDA SANTA ALICE
2104,FAZENDA SANTA ALICE
2105,FAZENDA SANTA ALICE
2107,FAZENDA SANTA ALICE
2108,FAZENDA SANTA ALICE
2112,FAZENDA SANTA ALICE
2120,FAZENDA SANTA ALICE
2131,FAZENDA SANTA ALICE
2163,FAZENDA SANTA ALICE
2166,FAZENDA SANTA ALICE
2168,FAZENDA SANTA ALICE
2169,FAZENDA SANTA ALICE
2170,FAZENDA SANTA ALICE
2174,FAZENDA SANTA ALICE
2175,FAZENDA SANTA ALICE
2176,FAZENDA SANTA ALICE
2183,FAZENDA SANTA ALICE
2189,FAZENDA SANTA ALICE
2190,FAZENDA SANTA ALICE
2191,FAZENDA SANTA ALICE
2196,FAZENDA SANTA ALICE
2200,FAZENDA SANTA ALICE
2201,FAZENDA SANTA ALICE
2204,FAZENDA SANTA ALICE
2205,FAZENDA SANTA ALICE
2206,FAZENDA SANTA ALICE
2207,FAZENDA SANTA ALICE
2212,FAZENDA SANTA ALICE
2214,FAZENDA SANTA ALICE
2215,FAZENDA SANTA ALICE
2216,FAZENDA SANTA ALICE
2217,FAZENDA SANTA ALICE
2218,FAZENDA SANTA ALICE
2222,FAZENDA SANTA ALICE
2223,FAZENDA SANTA ALICE
2225,FAZENDA SANTA ALICE
2230,FAZENDA SANTA ALICE
2235,FAZENDA SANTA ALICE
2236,FAZENDA SANTA ALICE
2240,FAZENDA SANTA ALICE
2251,FAZENDA SANTA ALICE
2255,FAZENDA SANTA ALICE
2256,FAZENDA SANTA ALICE
2257,FAZENDA SANTA ALICE
2258,FAZENDA SANTA ALICE
2262,FAZENDA SANTA ALICE
2263,FAZENDA SANTA ALICE
2264,FAZENDA SANTA ALICE
2265,FAZENDA SANTA ALICE
2268,FAZENDA SANTA ALICE
2269,FAZENDA SANTA ALICE
2270,FAZENDA SANTA ALICE
2273,FAZENDA SANTA ALICE
2303,FAZENDA SANTA ALICE
2304,FAZENDA SANTA ALICE
2305,FAZENDA SANTA ALICE
2306,FAZENDA SANTA ALICE
2307,FAZENDA SANTA ALICE
2309,FAZENDA SANTA ALICE
2312,FAZENDA SANTA ALICE
2313,FAZENDA SANTA ALICE
2320,FAZENDA SANTA ALICE
2321,FAZENDA SANTA ALICE
2323,FAZENDA SANTA ALICE
2325,FAZENDA SANTA ALICE
2326,FAZENDA SANTA ALICE
2327,FAZENDA SANTA ALICE
2329,FAZENDA SANTA ALICE
2331,FAZENDA SANTA ALICE
2349,FAZENDA SANTA ALICE
2350,FAZENDA SANTA ALICE
2351,FAZENDA SANTA ALICE
2352,FAZENDA SANTA ALICE
2353,FAZENDA SANTA ALICE
2355,FAZENDA SANTA ALICE
2357,FAZENDA SANTA ALICE
2361,FAZENDA SANTA ALICE
2363,FAZENDA SANTA ALICE
2364,FAZENDA SANTA ALICE
2365,FAZENDA SANTA ALICE
2367,FAZENDA SANTA ALICE
2372,FAZENDA SANTA ALICE
2374,FAZENDA SANTA ALICE
2375,FAZENDA SANTA ALICE
2390,FAZENDA SANTA ALICE
2391,FAZENDA SANTA ALICE
2392,FAZENDA SANTA ALICE
2393,FAZENDA SANTA ALICE
2394,FAZENDA SANTA ALICE
2395,FAZENDA SANTA ALICE
2407,FAZENDA SANTA ALICE
2408,FAZENDA SANTA ALICE
2409,FAZENDA SANTA ALICE
2410,FAZENDA SANTA ALICE
2415,FAZENDA SANTA ALICE
2416,FAZENDA SANTA ALICE
2417,FAZENDA SANTA ALICE
2419,FAZENDA SANTA ALICE
2420,FAZENDA SANTA ALICE
2421,FAZENDA SANTA ALICE
2422,FAZENDA SANTA ALICE
2423,FAZENDA SANTA ALICE
2424,FAZENDA SANTA ALICE
2429,FAZENDA SANTA ALICE
2436,FAZENDA SANTA ALICE
2445,FAZENDA SANTA ALICE
2447,FAZENDA SANTA ALICE
2450,FAZENDA SANTA ALICE
2484,FAZENDA SANTA ALICE
2485,FAZENDA SANTA ALICE
2486,FAZENDA SANTA ALICE
2487,FAZENDA SANTA ALICE
2488,FAZENDA SANTA ALICE
2489,FAZENDA SANTA ALICE
2490,FAZENDA SANTA ALICE
2491,FAZENDA SANTA ALICE
2492,FAZENDA SANTA ALICE
2500,FAZENDA SANTA ALICE
2508,FAZENDA SANTA ALICE
2510,FAZENDA SANTA ALICE
2511,FAZENDA SANTA ALICE
2515,FAZENDA SANTA ALICE
2524,FAZENDA SANTA ALICE
2525,FAZENDA SANTA ALICE
2526,FAZENDA SANTA ALICE
2527,FAZENDA SANTA ALICE
2528,FAZENDA SANTA ALICE
2529,FAZENDA SANTA ALICE
2530,FAZENDA SANTA ALICE
2534,FAZENDA SANTA ALICE
2537,FAZENDA SANTA ALICE
2538,FAZENDA SANTA ALICE
2539,FAZENDA SANTA ALICE
2540,FAZENDA SANTA ALICE
2541,FAZENDA SANTA ALICE
2587,FAZENDA SANTA ALICE
2588,FAZENDA SANTA ALICE
2589,FAZENDA SANTA ALICE
2593,FAZENDA SANTA ALICE
2594,FAZENDA SANTA ALICE
2605,FAZENDA SANTA ALICE
2608,FAZENDA SANTA ALICE
2613,FAZENDA SANTA ALICE
2614,FAZENDA SANTA ALICE
2615,FAZENDA SANTA ALICE
2616,FAZENDA SANTA ALICE
2618,FAZENDA SANTA ALICE
2625,FAZENDA SANTA ALICE
2626,FAZENDA SANTA ALICE
2633,FAZENDA SANTA ALICE
2634,FAZENDA SANTA ALICE
2641,FAZENDA SANTA ALICE
2663,FAZENDA SANTA ALICE
2664,FAZENDA SANTA ALICE
2665,FAZENDA SANTA ALICE
2666,FAZENDA SANTA ALICE
2681,FAZENDA SANTA ALICE
2682,FAZENDA SANTA ALICE
2683,FAZENDA SANTA ALICE
2686,FAZENDA SANTA ALICE
2687,FAZENDA SANTA ALICE
2689,FAZENDA SANTA ALICE
2691,FAZENDA SANTA ALICE
2692,FAZENDA SANTA ALICE
2703,FAZENDA SANTA ALICE
2705,FAZENDA SANTA ALICE
2707,FAZENDA SANTA ALICE
2708,FAZENDA SANTA ALICE
2712,FAZENDA SANTA ALICE
2713,FAZENDA SANTA ALICE
2725,FAZENDA SANTA ALICE
2731,FAZENDA SANTA ALICE
2737,FAZENDA SANTA ALICE
2757,FAZENDA SANTA ALICE
2764,FAZENDA SANTA ALICE
2765,FAZENDA SANTA ALICE
2766,FAZENDA SANTA ALICE
2771,FAZENDA SANTA ALICE
2775,FAZENDA SANTA ALICE
2776,FAZENDA SANTA ALICE
2777,FAZENDA SANTA ALICE
2778,FAZENDA SANTA ALICE
2779,FAZENDA SANTA ALICE
2780,FAZENDA SANTA ALICE
2781,FAZENDA SANTA ALICE
2785,FAZENDA SANTA ALICE
2786,FAZENDA SANTA ALICE
2788,FAZENDA SANTA ALICE
2789,FAZENDA SANTA ALICE
2792,FAZENDA SANTA ALICE
2793,FAZENDA SANTA ALICE
2794,FAZENDA SANTA ALICE
2795,FAZENDA SANTA ALICE
2796,FAZENDA SANTA ALICE
2797,FAZENDA SANTA ALICE
2798,FAZENDA SANTA ALICE
2802,FAZENDA SANTA ALICE
2803,FAZENDA SANTA ALICE
2804,FAZENDA SANTA ALICE
2818,FAZENDA SANTA ALICE
2819,FAZENDA SANTA ALICE
2820,FAZENDA SANTA ALICE
2821,FAZENDA SANTA ALICE
2827,FAZENDA SANTA ALICE
2828,FAZENDA SANTA ALICE
2855,FAZENDA SANTA ALICE
2883,FAZENDA SANTA ALICE
2884,FAZENDA SANTA ALICE
2886,FAZENDA SANTA ALICE
2887,FAZENDA SANTA ALICE
2888,FAZENDA SANTA ALICE
2897,FAZENDA SANTA ALICE
2901,FAZENDA SANTA ALICE
2902,FAZENDA SANTA ALICE
2904,FAZENDA SANTA ALICE
2905,FAZENDA SANTA ALICE
2907,FAZENDA SANTA ALICE
2908,FAZENDA SANTA ALICE
2909,FAZENDA SANTA ALICE
2914,FAZENDA SANTA ALICE
2917,FAZENDA SANTA ALICE
2918,FAZENDA SANTA ALICE
2919,FAZENDA SANTA ALICE
2921,FAZENDA SANTA ALICE
2922,FAZENDA SANTA ALICE
2926,FAZENDA SANTA ALICE
2935,FAZENDA SANTA ALICE
2938,FAZENDA SANTA ALICE
2939,FAZENDA SANTA ALICE
2940,FAZENDA SANTA ALICE
2941,FAZENDA SANTA ALICE
2961,FAZENDA SANTA ALICE
2963,FAZENDA SANTA ALICE
2976,FAZENDA SANTA ALICE
2980,FAZENDA SANTA ALICE
2982,FAZENDA SANTA ALICE
2985,FAZENDA SANTA ALICE
2990,FAZENDA SANTA ALICE
2992,FAZENDA SANTA ALICE
2993,FAZENDA SANTA ALICE
2994,FAZENDA SANTA ALICE
2999,FAZENDA SANTA ALICE
3004,FAZENDA SANTA ALICE
3005,FAZENDA SANTA ALICE
3006,FAZENDA SANTA ALICE
3007,FAZENDA SANTA ALICE
3009,FAZENDA SANTA ALICE
3014,FAZENDA SANTA ALICE
3019,FAZENDA SANTA ALICE
3020,FAZENDA SANTA ALICE
3021,FAZENDA SANTA ALICE
3022,FAZENDA SANTA ALICE
3023,FAZENDA SANTA ALICE
3024,FAZENDA SANTA ALICE
3025,FAZENDA SANTA ALICE
3027,FAZENDA SANTA ALICE
3028,FAZENDA SANTA ALICE
3034,FAZENDA SANTA ALICE
3035,FAZENDA SANTA ALICE
3040,FAZENDA SANTA ALICE
3072,FAZENDA SANTA ALICE
3073,FAZENDA SANTA ALICE
3074,FAZENDA SANTA ALICE
3075,FAZENDA SANTA ALICE
3076,FAZENDA SANTA ALICE
3077,FAZENDA SANTA ALICE
3078,FAZENDA SANTA ALICE
3079,FAZENDA SANTA ALICE
3080,FAZENDA SANTA ALICE
3081,FAZENDA SANTA ALICE
3082,FAZENDA SANTA ALICE
3083,FAZENDA SANTA ALICE
3084,FAZENDA SANTA ALICE
3087,FAZENDA SANTA ALICE
3103,FAZENDA SANTA ALICE
3104,FAZENDA SANTA ALICE
3105,FAZENDA SANTA ALICE
3106,FAZENDA SANTA ALICE
3107,FAZENDA SANTA ALICE
3108,FAZENDA SANTA ALICE
3109,FAZENDA SANTA ALICE
3110,FAZENDA SANTA ALICE
3111,FAZENDA SANTA ALICE
3112,FAZENDA SANTA ALICE
3113,FAZENDA SANTA ALICE
3114,FAZENDA SANTA ALICE
3115,FAZENDA SANTA ALICE
3116,FAZENDA SANTA ALICE
3117,FAZENDA SANTA ALICE
3118,FAZENDA SANTA ALICE
3119,FAZENDA SANTA ALICE
3120,FAZENDA SANTA ALICE
3121,FAZENDA SANTA ALICE
3122,FAZENDA SANTA ALICE
3123,FAZENDA SANTA ALICE
3124,FAZENDA SANTA ALICE
3125,FAZENDA SANTA ALICE
3126,FAZENDA SANTA ALICE
3127,FAZENDA SANTA ALICE
3128,FAZENDA SANTA ALICE
3129,FAZENDA SANTA ALICE
3130,FAZENDA SANTA ALICE
3131,FAZENDA SANTA ALICE
3132,FAZENDA SANTA ALICE
3135,FAZENDA SANTA ALICE
3137,FAZENDA SANTA ALICE
3138,FAZENDA SANTA ALICE
3141,FAZENDA SANTA ALICE
3188,FAZENDA SANTA ALICE
3189,FAZENDA SANTA ALICE
3192,FAZENDA SANTA ALICE
3206,FAZENDA SANTA ALICE
3207,FAZENDA SANTA ALICE
3208,FAZENDA SANTA ALICE
3209,FAZENDA SANTA ALICE
3210,FAZENDA SANTA ALICE
3211,FAZENDA SANTA ALICE
3212,FAZENDA SANTA ALICE
3213,FAZENDA SANTA ALICE
3214,FAZENDA SANTA ALICE
3215,FAZENDA SANTA ALICE
3216,FAZENDA SANTA ALICE
3217,FAZENDA SANTA ALICE
3224,FAZENDA SANTA ALICE
3227,FAZENDA SANTA ALICE
3229,FAZENDA SANTA ALICE
3230,FAZENDA SANTA ALICE
3243,FAZENDA SANTA ALICE
3249,FAZENDA SANTA ALICE
3250,FAZENDA SANTA ALICE
3251,FAZENDA SANTA ALICE
3256,FAZENDA SANTA ALICE
3258,FAZENDA SANTA ALICE
3260,FAZENDA SANTA ALICE
3263,FAZENDA SANTA ALICE
3264,FAZENDA SANTA ALICE
3265,FAZENDA SANTA ALICE
3266,FAZENDA SANTA ALICE
3267,FAZENDA SANTA ALICE
3268,FAZENDA SANTA ALICE
3269,FAZENDA SANTA ALICE
3270,FAZENDA SANTA ALICE
3271,FAZENDA SANTA ALICE
3272,FAZENDA SANTA ALICE
3273,FAZENDA SANTA ALICE
3274,FAZENDA SANTA ALICE
3290,FAZENDA SANTA ALICE
3292,FAZENDA SANTA ALICE
3293,FAZENDA SANTA ALICE
3297,FAZENDA SANTA ALICE
3322,FAZENDA SANTA ALICE
3326,FAZENDA SANTA ALICE
3329,FAZENDA SANTA ALICE
3330,FAZENDA SANTA ALICE
3340,FAZENDA SANTA ALICE
3341,FAZENDA SANTA ALICE
3343,FAZENDA SANTA ALICE
3344,FAZENDA SANTA ALICE
3346,FAZENDA SANTA ALICE
3365,FAZENDA SANTA ALICE
3367,FAZENDA SANTA ALICE
3373,FAZENDA SANTA ALICE
3374,FAZENDA SANTA ALICE
3380,FAZENDA SANTA ALICE
3384,FAZENDA SANTA ALICE
3396,FAZENDA SANTA ALICE
3400,FAZENDA SANTA ALICE
3401,FAZENDA SANTA ALICE
3406,FAZENDA SANTA ALICE
3407,FAZENDA SANTA ALICE
3408,FAZENDA SANTA ALICE
3414,FAZENDA SANTA ALICE
3426,FAZENDA SANTA ALICE
3449,FAZENDA SANTA ALICE
3452,FAZENDA SANTA ALICE
3457,FAZENDA SANTA ALICE
3461,FAZENDA SANTA ALICE
3462,FAZENDA SANTA ALICE
3468,FAZENDA SANTA ALICE
3488,FAZENDA SANTA ALICE
3490,FAZENDA SANTA ALICE
3503,FAZENDA SANTA ALICE
3507,FAZENDA SANTA ALICE
3539,FAZENDA SANTA ALICE
3540,FAZENDA SANTA ALICE
3545,FAZENDA SANTA ALICE
3556,FAZENDA SANTA ALICE
3559,FAZENDA SANTA ALICE
3560,FAZENDA SANTA ALICE
3562,FAZENDA SANTA ALICE
3563,FAZENDA SANTA ALICE
3564,FAZENDA SANTA ALICE
3565,FAZENDA SANTA ALICE
3578,FAZENDA SANTA ALICE
3593,FAZENDA SANTA ALICE
3594,FAZENDA SANTA ALICE
3596,FAZENDA SANTA ALICE
3598,FAZENDA SANTA ALICE
3601,FAZENDA SANTA ALICE
3605,FAZENDA SANTA ALICE
3614,FAZENDA SANTA ALICE
3620,FAZENDA SANTA ALICE
3622,FAZENDA SANTA ALICE
3625,FAZENDA SANTA ALICE
3626,FAZENDA SANTA ALICE
3627,FAZENDA SANTA ALICE
3628,FAZENDA SANTA ALICE
3629,FAZENDA SANTA ALICE
3633,FAZENDA SANTA ALICE
3634,FAZENDA SANTA ALICE
3636,FAZENDA SANTA ALICE
3653,FAZENDA SANTA ALICE
3655,FAZENDA SANTA ALICE
3658,FAZENDA SANTA ALICE
3665,FAZENDA SANTA ALICE
3666,FAZENDA SANTA ALICE
3668,FAZENDA SANTA ALICE
3669,FAZENDA SANTA ALICE
3670,FAZENDA SANTA ALICE
3677,FAZENDA SANTA ALICE
3680,FAZENDA SANTA ALICE
3681,FAZENDA SANTA ALICE
3682,FAZENDA SANTA ALICE
3683,FAZENDA SANTA ALICE
3684,FAZENDA SANTA ALICE
3696,FAZENDA SANTA ALICE
3697,FAZENDA SANTA ALICE
3703,FAZENDA SANTA ALICE
3711,FAZENDA SANTA ALICE
3712,FAZENDA SANTA ALICE
3714,FAZENDA SANTA ALICE
3715,FAZENDA SANTA ALICE
3719,FAZENDA SANTA ALICE
3724,FAZENDA SANTA ALICE
3725,FAZENDA SANTA ALICE
3726,FAZENDA SANTA ALICE
3750,FAZENDA SANTA ALICE
3758,FAZENDA SANTA ALICE
3759,FAZENDA SANTA ALICE
3760,FAZENDA SANTA ALICE
3771,FAZENDA SANTA ALICE
3772,FAZENDA SANTA ALICE
3773,FAZENDA SANTA ALICE
3774,FAZENDA SANTA ALICE
3778,FAZENDA SANTA ALICE
3779,FAZENDA SANTA ALICE
3780,FAZENDA SANTA ALICE
3781,FAZENDA SANTA ALICE
3784,FAZENDA SANTA ALICE
3788,FAZENDA SANTA ALICE
3796,FAZENDA SANTA ALICE
3799,FAZENDA SANTA ALICE
3803,FAZENDA SANTA ALICE
3808,FAZENDA SANTA ALICE
3809,FAZENDA SANTA ALICE
3810,FAZENDA SANTA ALICE
3825,FAZENDA SANTA ALICE
3826,FAZENDA SANTA ALICE
3827,FAZENDA SANTA ALICE
3828,FAZENDA SANTA ALICE
3830,FAZENDA SANTA ALICE
3831,FAZENDA SANTA ALICE
3832,FAZENDA SANTA ALICE
3834,FAZENDA SANTA ALICE
3839,FAZENDA SANTA ALICE
3855,FAZENDA SANTA ALICE
3863,FAZENDA SANTA ALICE
3864,FAZENDA SANTA ALICE
3865,FAZENDA SANTA ALICE
3866,FAZENDA SANTA ALICE
3867,FAZENDA SANTA ALICE
3869,FAZENDA SANTA ALICE
3875,FAZENDA SANTA ALICE
3877,FAZENDA SANTA ALICE
3898,FAZENDA SANTA ALICE
3899,FAZENDA SANTA ALICE
3900,FAZENDA SANTA ALICE
3901,FAZENDA SANTA ALICE
3902,FAZENDA SANTA ALICE
3903,FAZENDA SANTA ALICE
3979,FAZENDA SANTA ALICE
3989,FAZENDA SANTA ALICE
3994,FAZENDA SANTA ALICE
4011,FAZENDA SANTA ALICE
4012,FAZENDA SANTA ALICE
4013,FAZENDA SANTA ALICE
4014,FAZENDA SANTA ALICE
4019,FAZENDA SANTA ALICE
4021,FAZENDA SANTA ALICE
4022,FAZENDA SANTA ALICE
4026,FAZENDA SANTA ALICE
4027,FAZENDA SANTA ALICE
4028,FAZENDA SANTA ALICE
4029,FAZENDA SANTA ALICE
4034,FAZENDA SANTA ALICE
4035,FAZENDA SANTA ALICE
4043,FAZENDA SANTA ALICE
4070,FAZENDA SANTA ALICE
4076,FAZENDA SANTA ALICE
4077,FAZENDA SANTA ALICE
4078,FAZENDA SANTA ALICE
4079,FAZENDA SANTA ALICE
4080,FAZENDA SANTA ALICE
4081,FAZENDA SANTA ALICE
4095,FAZENDA SANTA ALICE
4097,FAZENDA SANTA ALICE
4103,FAZENDA SANTA ALICE
4111,FAZENDA SANTA ALICE
4112,FAZENDA SANTA ALICE
4119,FAZENDA SANTA ALICE
4124,FAZENDA SANTA ALICE
4132,FAZENDA SANTA ALICE
4136,FAZENDA SANTA ALICE
4137,FAZENDA SANTA ALICE
4138,FAZENDA SANTA ALICE
4145,FAZENDA SANTA ALICE
4203,FAZENDA SANTA ALICE
4204,FAZENDA SANTA ALICE
4212,FAZENDA SANTA ALICE
4213,FAZENDA SANTA ALICE
4241,FAZENDA SANTA ALICE
4249,FAZENDA SANTA ALICE
4254,FAZENDA SANTA ALICE
4259,FAZENDA SANTA ALICE
4261,FAZENDA SANTA ALICE
4267,FAZENDA SANTA ALICE
4269,FAZENDA SANTA ALICE
4277,FAZENDA SANTA ALICE
4278,FAZENDA SANTA ALICE
4279,FAZENDA SANTA ALICE
4280,FAZENDA SANTA ALICE
4291,FAZENDA SANTA ALICE
4293,FAZENDA SANTA ALICE
4294,FAZENDA SANTA ALICE
4295,FAZENDA SANTA ALICE
4299,FAZENDA SANTA ALICE
4300,FAZENDA SANTA ALICE
4301,FAZENDA SANTA ALICE
4303,FAZENDA SANTA ALICE
4349,FAZENDA SANTA ALICE
4354,FAZENDA SANTA ALICE
4363,FAZENDA SANTA ALICE
4364,FAZENDA SANTA ALICE
4366,FAZENDA SANTA ALICE
4367,FAZENDA SANTA ALICE
4368,FAZENDA SANTA ALICE
4371,FAZENDA SANTA ALICE
4396,FAZENDA SANTA ALICE
4397,FAZENDA SANTA ALICE
4398,FAZENDA SANTA ALICE
4399,FAZENDA SANTA ALICE
4400,FAZENDA SANTA ALICE
4402,FAZENDA SANTA ALICE
4404,FAZENDA SANTA ALICE
4405,FAZENDA SANTA ALICE
4406,FAZENDA SANTA ALICE
4408,FAZENDA SANTA ALICE
4409,FAZENDA SANTA ALICE
4410,FAZENDA SANTA ALICE
4412,FAZENDA SANTA ALICE
4416,FAZENDA SANTA ALICE
4424,FAZENDA SANTA ALICE
4425,FAZENDA SANTA ALICE
4426,FAZENDA SANTA ALICE
4431,FAZENDA SANTA ALICE
4432,FAZENDA SANTA ALICE
4439,FAZENDA SANTA ALICE
4442,FAZENDA SANTA ALICE
4443,FAZENDA SANTA ALICE
4444,FAZENDA SANTA ALICE
4445,FAZENDA SANTA ALICE
4447,FAZENDA SANTA ALICE
4448,FAZENDA SANTA ALICE
4454,FAZENDA SANTA ALICE
4458,FAZENDA SANTA ALICE
4462,FAZENDA SANTA ALICE
4472,FAZENDA SANTA ALICE
4473,FAZENDA SANTA ALICE
4477,FAZENDA SANTA ALICE
4479,FAZENDA SANTA ALICE
4480,FAZENDA SANTA ALICE
4481,FAZENDA SANTA ALICE
4484,FAZENDA SANTA ALICE
4491,FAZENDA SANTA ALICE
4501,FAZENDA SANTA ALICE
4521,FAZENDA SANTA ALICE
4523,FAZENDA SANTA ALICE
4530,FAZENDA SANTA ALICE
4531,FAZENDA SANTA ALICE
4532,FAZENDA SANTA ALICE
4533,FAZENDA SANTA ALICE
4534,FAZENDA SANTA ALICE
4535,FAZENDA SANTA ALICE
4536,FAZENDA SANTA ALICE
4588,FAZENDA SANTA ALICE
4590,FAZENDA SANTA ALICE
4591,FAZENDA SANTA ALICE
4592,FAZENDA SANTA ALICE
4593,FAZENDA SANTA ALICE
4594,FAZENDA SANTA ALICE
4595,FAZENDA SANTA ALICE
4596,FAZENDA SANTA ALICE
4597,FAZENDA SANTA ALICE
4604,FAZENDA SANTA ALICE
4619,FAZENDA SANTA ALICE
4620,FAZENDA SANTA ALICE
4623,FAZENDA SANTA ALICE
4638,FAZENDA SANTA ALICE
4651,FAZENDA SANTA ALICE
4654,FAZENDA SANTA ALICE
4655,FAZENDA SANTA ALICE
4670,FAZENDA SANTA ALICE
4671,FAZENDA SANTA ALICE
4680,FAZENDA SANTA ALICE
4681,FAZENDA SANTA ALICE
4682,FAZENDA SANTA ALICE
4683,FAZENDA SANTA ALICE
4684,FAZENDA SANTA ALICE
4685,FAZENDA SANTA ALICE
4686,FAZENDA SANTA ALICE
4688,FAZENDA SANTA ALICE
4691,FAZENDA SANTA ALICE
4696,FAZENDA SANTA ALICE
4697,FAZENDA SANTA ALICE
4698,FAZENDA SANTA ALICE
4699,FAZENDA SANTA ALICE
4700,FAZENDA SANTA ALICE
4703,FAZENDA SANTA ALICE
4704,FAZENDA SANTA ALICE
4710,FAZENDA SANTA ALICE
4713,FAZENDA SANTA ALICE
4714,FAZENDA SANTA ALICE
4715,FAZENDA SANTA ALICE
4727,FAZENDA SANTA ALICE
4733,FAZENDA SANTA ALICE
4734,FAZENDA SANTA ALICE
4736,FAZENDA SANTA ALICE
4737,FAZENDA SANTA ALICE
4738,FAZENDA SANTA ALICE
4743,FAZENDA SANTA ALICE
4753,FAZENDA SANTA ALICE
4766,FAZENDA SANTA ALICE
4768,FAZENDA SANTA ALICE
4788,FAZENDA SANTA ALICE
4789,FAZENDA SANTA ALICE
4790,FAZENDA SANTA ALICE
4804,FAZENDA SANTA ALICE
4810,FAZENDA SANTA ALICE
4825,FAZENDA SANTA ALICE
4826,FAZENDA SANTA ALICE
4827,FAZENDA SANTA ALICE
4828,FAZENDA SANTA ALICE
4830,FAZENDA SANTA ALICE
4839,FAZENDA SANTA ALICE
4852,FAZENDA SANTA ALICE
4858,FAZENDA SANTA ALICE
4861,FAZENDA SANTA ALICE
4862,FAZENDA SANTA ALICE
4863,FAZENDA SANTA ALICE
4865,FAZENDA SANTA ALICE
4866,FAZENDA SANTA ALICE
4867,FAZENDA SANTA ALICE
4868,FAZENDA SANTA ALICE
4869,FAZENDA SANTA ALICE
4870,FAZENDA SANTA ALICE
4877,FAZENDA SANTA ALICE
4878,FAZENDA SANTA ALICE
4879,FAZENDA SANTA ALICE
4880,FAZENDA SANTA ALICE
4881,FAZENDA SANTA ALICE
4882,FAZENDA SANTA ALICE
4883,FAZENDA SANTA ALICE
4884,FAZENDA SANTA ALICE
4885,FAZENDA SANTA ALICE
4886,FAZENDA SANTA ALICE
4887,FAZENDA SANTA ALICE
4888,FAZENDA SANTA ALICE
4889,FAZENDA SANTA ALICE
4890,FAZENDA SANTA ALICE
4891,FAZENDA SANTA ALICE
4892,FAZENDA SANTA ALICE
4893,FAZENDA SANTA ALICE
4894,FAZENDA SANTA ALICE
4895,FAZENDA SANTA ALICE
4896,FAZENDA SANTA ALICE
4897,FAZENDA SANTA ALICE
4898,FAZENDA SANTA ALICE
4899,FAZENDA SANTA ALICE
4900,FAZENDA SANTA ALICE
4901,FAZENDA SANTA ALICE
4902,FAZENDA SANTA ALICE
4903,FAZENDA SANTA ALICE
4904,FAZENDA SANTA ALICE
4905,FAZENDA SANTA ALICE
4906,FAZENDA SANTA ALICE
4910,FAZENDA SANTA ALICE
4911,FAZENDA SANTA ALICE
4912,FAZENDA SANTA ALICE
4913,FAZENDA SANTA ALICE
4914,FAZENDA SANTA ALICE
4930,FAZENDA SANTA ALICE
4956,FAZENDA SANTA ALICE
4957,FAZENDA SANTA ALICE
4958,FAZENDA SANTA ALICE
4962,FAZENDA SANTA ALICE
4984,FAZENDA SANTA ALICE
4990,FAZENDA SANTA ALICE
4991,FAZENDA SANTA ALICE
4992,FAZENDA SANTA ALICE
4993,FAZENDA SANTA ALICE
5025,FAZENDA SANTA ALICE
5027,FAZENDA SANTA ALICE
5028,FAZENDA SANTA ALICE
5034,FAZENDA SANTA ALICE
5059,FAZENDA SANTA ALICE
5096,FAZENDA SANTA ALICE
5097,FAZENDA SANTA ALICE
5107,FAZENDA SANTA ALICE
5110,FAZENDA SANTA ALICE
5111,FAZENDA SANTA ALICE
5112,FAZENDA SANTA ALICE
5133,FAZENDA SANTA ALICE
5134,FAZENDA SANTA ALICE
5136,FAZENDA SANTA ALICE
5145,FAZENDA SANTA ALICE
5147,FAZENDA SANTA ALICE
5170,FAZENDA SANTA ALICE
5171,FAZENDA SANTA ALICE
5172,FAZENDA SANTA ALICE
5173,FAZENDA SANTA ALICE
5178,FAZENDA SANTA ALICE
5179,FAZENDA SANTA ALICE
5184,FAZENDA SANTA ALICE
5187,FAZENDA SANTA ALICE
5191,FAZENDA SANTA ALICE
5201,FAZENDA SANTA ALICE
5206,FAZENDA SANTA ALICE
5207,FAZENDA SANTA ALICE
5208,FAZENDA SANTA ALICE
5209,FAZENDA SANTA ALICE
5210,FAZENDA SANTA ALICE
5211,FAZENDA SANTA ALICE
5212,FAZENDA SANTA ALICE
5213,FAZENDA SANTA ALICE
5214,FAZENDA SANTA ALICE
5215,FAZENDA SANTA ALICE
5218,FAZENDA SANTA ALICE
5222,FAZENDA SANTA ALICE
5223,FAZENDA SANTA ALICE
5229,FAZENDA SANTA ALICE
5234,FAZENDA SANTA ALICE
5246,FAZENDA SANTA ALICE
5248,FAZENDA SANTA ALICE
5249,FAZENDA SANTA ALICE
5265,FAZENDA SANTA ALICE
5276,FAZENDA SANTA ALICE
5278,FAZENDA SANTA ALICE
5280,FAZENDA SANTA ALICE
5281,FAZENDA SANTA ALICE
5289,FAZENDA SANTA ALICE
5291,FAZENDA SANTA ALICE
5292,FAZENDA SANTA ALICE
5293,FAZENDA SANTA ALICE
5294,FAZENDA SANTA ALICE
5295,FAZENDA SANTA ALICE
5300,FAZENDA SANTA ALICE
5301,FAZENDA SANTA ALICE
5310,FAZENDA SANTA ALICE
5318,FAZENDA SANTA ALICE
5366,FAZENDA SANTA ALICE
5392,FAZENDA SANTA ALICE
5408,FAZENDA SANTA ALICE
5409,FAZENDA SANTA ALICE
5410,FAZENDA SANTA ALICE
5411,FAZENDA SANTA ALICE
5412,FAZENDA SANTA ALICE
5413,FAZENDA SANTA ALICE
5414,FAZENDA SANTA ALICE
5415,FAZENDA SANTA ALICE
5416,FAZENDA SANTA ALICE
5417,FAZENDA SANTA ALICE
5418,FAZENDA SANTA ALICE
5419,FAZENDA SANTA ALICE
5473,FAZENDA SANTA ALICE
5509,FAZENDA SANTA ALICE
5514,FAZENDA SANTA ALICE
5517,FAZENDA SANTA ALICE
5537,FAZENDA SANTA ALICE
5538,FAZENDA SANTA ALICE
5543,FAZENDA SANTA ALICE
5566,FAZENDA SANTA ALICE
5567,FAZENDA SANTA ALICE
5568,FAZENDA SANTA ALICE
5569,FAZENDA SANTA ALICE
5576,FAZENDA SANTA ALICE
5620,FAZENDA SANTA ALICE
5621,FAZENDA SANTA ALICE
5622,FAZENDA SANTA ALICE
5633,FAZENDA SANTA ALICE
5634,FAZENDA SANTA ALICE
5644,FAZENDA SANTA ALICE
5645,FAZENDA SANTA ALICE
5647,FAZENDA SANTA ALICE
5654,FAZENDA SANTA ALICE
5655,FAZENDA SANTA ALICE
5656,FAZENDA SANTA ALICE
5678,FAZENDA SANTA ALICE
5679,FAZENDA SANTA ALICE
5682,FAZENDA SANTA ALICE
5685,FAZENDA SANTA ALICE
5686,FAZENDA SANTA ALICE
5687,FAZENDA SANTA ALICE
5688,FAZENDA SANTA ALICE
5689,FAZENDA SANTA ALICE
5690,FAZENDA SANTA ALICE
5691,FAZENDA SANTA ALICE
5692,FAZENDA SANTA ALICE
5693,FAZENDA SANTA ALICE
5694,FAZENDA SANTA ALICE
5695,FAZENDA SANTA ALICE
5696,FAZENDA SANTA ALICE
5697,FAZENDA SANTA ALICE
5698,FAZENDA SANTA ALICE
5699,FAZENDA SANTA ALICE
5700,FAZENDA SANTA ALICE
5701,FAZENDA SANTA ALICE
5702,FAZENDA SANTA ALICE
5708,FAZENDA SANTA ALICE
5722,FAZENDA SANTA ALICE
5723,FAZENDA SANTA ALICE
5724,FAZENDA SANTA ALICE
5725,FAZENDA SANTA ALICE
5726,FAZENDA SANTA ALICE
5727,FAZENDA SANTA ALICE
5728,FAZENDA SANTA ALICE
5729,FAZENDA SANTA ALICE
5730,FAZENDA SANTA ALICE
5731,FAZENDA SANTA ALICE
5732,FAZENDA SANTA ALICE
5733,FAZENDA SANTA ALICE
5742,FAZENDA SANTA ALICE
5749,FAZENDA SANTA ALICE
5752,FAZENDA SANTA ALICE
5779,FAZENDA SANTA ALICE
5780,FAZENDA SANTA ALICE
5781,FAZENDA SANTA ALICE
5782,FAZENDA SANTA ALICE
5783,FAZENDA SANTA ALICE
5784,FAZENDA SANTA ALICE
5785,FAZENDA SANTA ALICE
5786,FAZENDA SANTA ALICE
5787,FAZENDA SANTA ALICE
5788,FAZENDA SANTA ALICE
5789,FAZENDA SANTA ALICE
5790,FAZENDA SANTA ALICE
5815,FAZENDA SANTA ALICE
5816,FAZENDA SANTA ALICE
5817,FAZENDA SANTA ALICE
5818,FAZENDA SANTA ALICE
5819,FAZENDA SANTA ALICE
5820,FAZENDA SANTA ALICE
5821,FAZENDA SANTA ALICE
5822,FAZENDA SANTA ALICE
5823,FAZENDA SANTA ALICE
5824,FAZENDA SANTA ALICE
5825,FAZENDA SANTA ALICE
5826,FAZENDA SANTA ALICE
5830,FAZENDA SANTA ALICE
5833,FAZENDA SANTA ALICE
5853,FAZENDA SANTA ALICE
5855,FAZENDA SANTA ALICE
5875,FAZENDA SANTA ALICE
5878,FAZENDA SANTA ALICE
5888,FAZENDA SANTA ALICE
5893,FAZENDA SANTA ALICE
5894,FAZENDA SANTA ALICE
5895,FAZENDA SANTA ALICE
5896,FAZENDA SANTA ALICE
5897,FAZENDA SANTA ALICE
5898,FAZENDA SANTA ALICE
5899,FAZENDA SANTA ALICE
5904,FAZENDA SANTA ALICE
5905,FAZENDA SANTA ALICE
5906,FAZENDA SANTA ALICE
5910,FAZENDA SANTA ALICE
5911,FAZENDA SANTA ALICE
5912,FAZENDA SANTA ALICE
5913,FAZENDA SANTA ALICE
5914,FAZENDA SANTA ALICE
5923,FAZENDA SANTA ALICE
5925,FAZENDA SANTA ALICE
5927,FAZENDA SANTA ALICE
5928,FAZENDA SANTA ALICE
5929,FAZENDA SANTA ALICE
5930,FAZENDA SANTA ALICE
5931,FAZENDA SANTA ALICE
5933,FAZENDA SANTA ALICE
5935,FAZENDA SANTA ALICE
5947,FAZENDA SANTA ALICE
5951,FAZENDA SANTA ALICE
5972,FAZENDA SANTA ALICE
5973,FAZENDA SANTA ALICE
5974,FAZENDA SANTA ALICE
5975,FAZENDA SANTA ALICE
5976,FAZENDA SANTA ALICE
5977,FAZENDA SANTA ALICE
5981,FAZENDA SANTA ALICE
5982,FAZENDA SANTA ALICE
5995,FAZENDA SANTA ALICE
5996,FAZENDA SANTA ALICE
6000,FAZENDA SANTA ALICE
6002,FAZENDA SANTA ALICE
6003,FAZENDA SANTA ALICE
6005,FAZENDA SANTA ALICE
6016,FAZENDA SANTA ALICE
6018,FAZENDA SANTA ALICE
6019,FAZENDA SANTA ALICE
6020,FAZENDA SANTA ALICE
6021,FAZENDA SANTA ALICE
6022,FAZENDA SANTA ALICE
6023,FAZENDA SANTA ALICE
6025,FAZENDA SANTA ALICE
6026,FAZENDA SANTA ALICE
6050,FAZENDA SANTA ALICE
6057,FAZENDA SANTA ALICE
6058,FAZENDA SANTA ALICE
6061,FAZENDA SANTA ALICE
6073,FAZENDA SANTA ALICE
6075,FAZENDA SANTA ALICE
6076,FAZENDA SANTA ALICE
6077,FAZENDA SANTA ALICE
6078,FAZENDA SANTA ALICE
6089,FAZENDA SANTA ALICE
6093,FAZENDA SANTA ALICE
6096,FAZENDA SANTA ALICE
6097,FAZENDA SANTA ALICE
6104,FAZENDA SANTA ALICE
6105,FAZENDA SANTA ALICE
6106,FAZENDA SANTA ALICE
6107,FAZENDA SANTA ALICE
6113,FAZENDA SANTA ALICE
6114,FAZENDA SANTA ALICE
6115,FAZENDA SANTA ALICE
6116,FAZENDA SANTA ALICE
6121,FAZENDA SANTA ALICE
6122,FAZENDA SANTA ALICE
6145,FAZENDA SANTA ALICE
6147,FAZENDA SANTA ALICE
6170,FAZENDA SANTA ALICE
6173,FAZENDA SANTA ALICE
6175,FAZENDA SANTA ALICE
6177,FAZENDA SANTA ALICE
6184,FAZENDA SANTA ALICE
6196,FAZENDA SANTA ALICE
6197,FAZENDA SANTA ALICE
6199,FAZENDA SANTA ALICE
6200,FAZENDA SANTA ALICE
6204,FAZENDA SANTA ALICE
6206,FAZENDA SANTA ALICE
6207,FAZENDA SANTA ALICE
6209,FAZENDA SANTA ALICE
6220,FAZENDA SANTA ALICE
6330,FAZENDA SANTA ALICE
6331,FAZENDA SANTA ALICE
6332,FAZENDA SANTA ALICE
6333,FAZENDA SANTA ALICE
6334,FAZENDA SANTA ALICE
6335,FAZENDA SANTA ALICE
6336,FAZENDA SANTA ALICE
6337,FAZENDA SANTA ALICE
6338,FAZENDA SANTA ALICE
6340,FAZENDA SANTA ALICE
6341,FAZENDA SANTA ALICE
6342,FAZENDA SANTA ALICE
6343,FAZENDA SANTA ALICE
6344,FAZENDA SANTA ALICE
6345,FAZENDA SANTA ALICE
6346,FAZENDA SANTA ALICE
6347,FAZENDA SANTA ALICE
6348,FAZENDA SANTA ALICE
6350,FAZENDA SANTA ALICE
6362,FAZENDA SANTA ALICE
6363,FAZENDA SANTA ALICE
6364,FAZENDA SANTA ALICE
6365,FAZENDA SANTA ALICE
6366,FAZENDA SANTA ALICE
6368,FAZENDA SANTA ALICE
6388,FAZENDA SANTA ALICE
6389,FAZENDA SANTA ALICE
6393,FAZENDA SANTA ALICE
6400,FAZENDA SANTA ALICE
6401,FAZENDA SANTA ALICE
6402,FAZENDA SANTA ALICE
6403,FAZENDA SANTA ALICE
6408,FAZENDA SANTA ALICE
6410,FAZENDA SANTA ALICE
6411,FAZENDA SANTA ALICE
6414,FAZENDA SANTA ALICE
6417,FAZENDA SANTA ALICE
6424,FAZENDA SANTA ALICE
6425,FAZENDA SANTA ALICE
6426,FAZENDA SANTA ALICE
6427,FAZENDA SANTA ALICE
6428,FAZENDA SANTA ALICE
6441,FAZENDA SANTA ALICE
6449,FAZENDA SANTA ALICE
6450,FAZENDA SANTA ALICE
6455,FAZENDA SANTA ALICE
6456,FAZENDA SANTA ALICE
6457,FAZENDA SANTA ALICE
6461,FAZENDA SANTA ALICE
6462,FAZENDA SANTA ALICE
6464,FAZENDA SANTA ALICE
6465,FAZENDA SANTA ALICE
6466,FAZENDA SANTA ALICE
6468,FAZENDA SANTA ALICE
6469,FAZENDA SANTA ALICE
6473,FAZENDA SANTA ALICE
6491,FAZENDA SANTA ALICE
6493,FAZENDA SANTA ALICE
6498,FAZENDA SANTA ALICE
6507,FAZENDA SANTA ALICE
6508,FAZENDA SANTA ALICE
6509,FAZENDA SANTA ALICE
6510,FAZENDA SANTA ALICE
6511,FAZENDA SANTA ALICE
6512,FAZENDA SANTA ALICE
6513,FAZENDA SANTA ALICE
6514,FAZENDA SANTA ALICE
6516,FAZENDA SANTA ALICE
6521,FAZENDA SANTA ALICE
6525,FAZENDA SANTA ALICE
6529,FAZENDA SANTA ALICE
6533,FAZENDA SANTA ALICE
6534,FAZENDA SANTA ALICE
6535,FAZENDA SANTA ALICE
6545,FAZENDA SANTA ALICE
6552,FAZENDA SANTA ALICE
6565,FAZENDA SANTA ALICE
6569,FAZENDA SANTA ALICE
6571,FAZENDA SANTA ALICE
6572,FAZENDA SANTA ALICE
6578,FAZENDA SANTA ALICE
6587,FAZENDA SANTA ALICE
6588,FAZENDA SANTA ALICE
6589,FAZENDA SANTA ALICE
6590,FAZENDA SANTA ALICE
6593,FAZENDA SANTA ALICE
6595,FAZENDA SANTA ALICE
6599,FAZENDA SANTA ALICE
6600,FAZENDA SANTA ALICE
6601,FAZENDA SANTA ALICE
6602,FAZENDA SANTA ALICE
6615,FAZENDA SANTA ALICE
6640,FAZENDA SANTA ALICE
6641,FAZENDA SANTA ALICE
6645,FAZENDA SANTA ALICE
6649,FAZENDA SANTA ALICE
6650,FAZENDA SANTA ALICE
6653,FAZENDA SANTA ALICE
6654,FAZENDA SANTA ALICE
6655,FAZENDA SANTA ALICE
6656,FAZENDA SANTA ALICE
6657,FAZENDA SANTA ALICE
6664,FAZENDA SANTA ALICE
6665,FAZENDA SANTA ALICE
6666,FAZENDA SANTA ALICE
6670,FAZENDA SANTA ALICE
6720,FAZENDA SANTA ALICE
6724,FAZENDA SANTA ALICE
6738,FAZENDA SANTA ALICE
6749,FAZENDA SANTA ALICE
6752,FAZENDA SANTA ALICE
6762,FAZENDA SANTA ALICE
6769,FAZENDA SANTA ALICE
6774,FAZENDA SANTA ALICE
6778,FAZENDA SANTA ALICE
6780,FAZENDA SANTA ALICE
6783,FAZENDA SANTA ALICE
6787,FAZENDA SANTA ALICE
6808,FAZENDA SANTA ALICE
6815,FAZENDA SANTA ALICE
6816,FAZENDA SANTA ALICE
6822,FAZENDA SANTA ALICE
6826,FAZENDA SANTA ALICE
6827,FAZENDA SANTA ALICE
6828,FAZENDA SANTA ALICE
6829,FAZENDA SANTA ALICE
6831,FAZENDA SANTA ALICE
6835,FAZENDA SANTA ALICE
6836,FAZENDA SANTA ALICE
6837,FAZENDA SANTA ALICE
6847,FAZENDA SANTA ALICE
6867,FAZENDA SANTA ALICE
6871,FAZENDA SANTA ALICE
6872,FAZENDA SANTA ALICE
6880,FAZENDA SANTA ALICE
6881,FAZENDA SANTA ALICE
6882,FAZENDA SANTA ALICE
6883,FAZENDA SANTA ALICE
6884,FAZENDA SANTA ALICE
6886,FAZENDA SANTA ALICE
6890,FAZENDA SANTA ALICE
6895,FAZENDA SANTA ALICE
6898,FAZENDA SANTA ALICE
6907,FAZENDA SANTA ALICE
6917,FAZENDA SANTA ALICE
6931,FAZENDA SANTA ALICE
6932,FAZENDA SANTA ALICE
6933,FAZENDA SANTA ALICE
6934,FAZENDA SANTA ALICE
6935,FAZENDA SANTA ALICE
6937,FAZENDA SANTA ALICE
6938,FAZENDA SANTA ALICE
6945,FAZENDA SANTA ALICE
6946,FAZENDA SANTA ALICE
6948,FAZENDA SANTA ALICE
6949,FAZENDA SANTA ALICE
6950,FAZENDA SANTA ALICE
6953,FAZENDA SANTA ALICE
6954,FAZENDA SANTA ALICE
6956,FAZENDA SANTA ALICE
6962,FAZENDA SANTA ALICE
6963,FAZENDA SANTA ALICE
6968,FAZENDA SANTA ALICE
6977,FAZENDA SANTA ALICE
6978,FAZENDA SANTA ALICE
6990,FAZENDA SANTA ALICE
6993,FAZENDA SANTA ALICE
7002,FAZENDA SANTA ALICE
7005,FAZENDA SANTA ALICE
7019,FAZENDA SANTA ALICE
7032,FAZENDA SANTA ALICE
7033,FAZENDA SANTA ALICE
7034,FAZENDA SANTA ALICE
7035,FAZENDA SANTA ALICE
7037,FAZENDA SANTA ALICE
7038,FAZENDA SANTA ALICE
7039,FAZENDA SANTA ALICE
7040,FAZENDA SANTA ALICE
7041,FAZENDA SANTA ALICE
7042,FAZENDA SANTA ALICE
7043,FAZENDA SANTA ALICE
7044,FAZENDA SANTA ALICE
7045,FAZENDA SANTA ALICE
7046,FAZENDA SANTA ALICE
7050,FAZENDA SANTA ALICE
7051,FAZENDA SANTA ALICE
7054,FAZENDA SANTA ALICE
7055,FAZENDA SANTA ALICE
7059,FAZENDA SANTA ALICE
7060,FAZENDA SANTA ALICE
7061,FAZENDA SANTA ALICE
7062,FAZENDA SANTA ALICE
7077,FAZENDA SANTA ALICE
7078,FAZENDA SANTA ALICE
7079,FAZENDA SANTA ALICE
7083,FAZENDA SANTA ALICE
7084,FAZENDA SANTA ALICE
7085,FAZENDA SANTA ALICE
7086,FAZENDA SANTA ALICE
7091,FAZENDA SANTA ALICE
7092,FAZENDA SANTA ALICE
7093,FAZENDA SANTA ALICE
7102,FAZENDA SANTA ALICE
7103,FAZENDA SANTA ALICE
7104,FAZENDA SANTA ALICE
7106,FAZENDA SANTA ALICE
7107,FAZENDA SANTA ALICE
7108,FAZENDA SANTA ALICE
7110,FAZENDA SANTA ALICE
7111,FAZENDA SANTA ALICE
7113,FAZENDA SANTA ALICE
7124,FAZENDA SANTA ALICE
7125,FAZENDA SANTA ALICE
7126,FAZENDA SANTA ALICE
7136,FAZENDA SANTA ALICE
7139,FAZENDA SANTA ALICE
7140,FAZENDA SANTA ALICE
7175,FAZENDA SANTA ALICE
7183,FAZENDA SANTA ALICE
7203,FAZENDA SANTA ALICE
7210,FAZENDA SANTA ALICE
7240,FAZENDA SANTA ALICE
7241,FAZENDA SANTA ALICE
7242,FAZENDA SANTA ALICE
7243,FAZENDA SANTA ALICE
7266,FAZENDA SANTA ALICE
7267,FAZENDA SANTA ALICE
7269,FAZENDA SANTA ALICE
7273,FAZENDA SANTA ALICE
7300,FAZENDA SANTA ALICE
7301,FAZENDA SANTA ALICE
7302,FAZENDA SANTA ALICE
7310,FAZENDA SANTA ALICE
7311,FAZENDA SANTA ALICE
7312,FAZENDA SANTA ALICE
7316,FAZENDA SANTA ALICE
7328,FAZENDA SANTA ALICE
7338,FAZENDA SANTA ALICE
7340,FAZENDA SANTA ALICE
7341,FAZENDA SANTA ALICE
7342,FAZENDA SANTA ALICE
7344,FAZENDA SANTA ALICE
7406,FAZENDA SANTA ALICE
7413,FAZENDA SANTA ALICE
7420,FAZENDA SANTA ALICE
7421,FAZENDA SANTA ALICE
7422,FAZENDA SANTA ALICE
7423,FAZENDA SANTA ALICE
7424,FAZENDA SANTA ALICE
7439,FAZENDA SANTA ALICE
7440,FAZENDA SANTA ALICE
7441,FAZENDA SANTA ALICE
7442,FAZENDA SANTA ALICE
7523,FAZENDA SANTA ALICE
7535,FAZENDA SANTA ALICE
7536,FAZENDA SANTA ALICE
7537,FAZENDA SANTA ALICE
7558,FAZENDA SANTA ALICE
7559,FAZENDA SANTA ALICE
7560,FAZENDA SANTA ALICE
7561,FAZENDA SANTA ALICE
7562,FAZENDA SANTA ALICE
7563,FAZENDA SANTA ALICE
7572,FAZENDA SANTA ALICE
7575,FAZENDA SANTA ALICE
7589,FAZENDA SANTA ALICE
7590,FAZENDA SANTA ALICE
7593,FAZENDA SANTA ALICE
7600,FAZENDA SANTA ALICE
7601,FAZENDA SANTA ALICE
7611,FAZENDA SANTA ALICE
7612,FAZENDA SANTA ALICE
7613,FAZENDA SANTA ALICE
7614,FAZENDA SANTA ALICE
7621,FAZENDA SANTA ALICE
7622,FAZENDA SANTA ALICE
7623,FAZENDA SANTA ALICE
7626,FAZENDA SANTA ALICE
7627,FAZENDA SANTA ALICE
7628,FAZENDA SANTA ALICE
7629,FAZENDA SANTA ALICE
7630,FAZENDA SANTA ALICE
7631,FAZENDA SANTA ALICE
7632,FAZENDA SANTA ALICE
7633,FAZENDA SANTA ALICE
7634,FAZENDA SANTA ALICE
7635,FAZENDA SANTA ALICE
7644,FAZENDA SANTA ALICE
7645,FAZENDA SANTA ALICE
7646,FAZENDA SANTA ALICE
7647,FAZENDA SANTA ALICE
7648,FAZENDA SANTA ALICE
7664,FAZENDA SANTA ALICE
7665,FAZENDA SANTA ALICE
7670,FAZENDA SANTA ALICE
7671,FAZENDA SANTA ALICE
7672,FAZENDA SANTA ALICE
7673,FAZENDA SANTA ALICE
7674,FAZENDA SANTA ALICE
7675,FAZENDA SANTA ALICE
7680,FAZENDA SANTA ALICE
7681,FAZENDA SANTA ALICE
7682,FAZENDA SANTA ALICE
7683,FAZENDA SANTA ALICE
7708,FAZENDA SANTA ALICE
7715,FAZENDA SANTA ALICE
7716,FAZENDA SANTA ALICE
7741,FAZENDA SANTA ALICE
7742,FAZENDA SANTA ALICE
7756,FAZENDA SANTA ALICE
7757,FAZENDA SANTA ALICE
7758,FAZENDA SANTA ALICE
7765,FAZENDA SANTA ALICE
7788,FAZENDA SANTA ALICE
7804,FAZENDA SANTA ALICE
7805,FAZENDA SANTA ALICE
7806,FAZENDA SANTA ALICE
7808,FAZENDA SANTA ALICE
7809,FAZENDA SANTA ALICE
7813,FAZENDA SANTA ALICE
7816,FAZENDA SANTA ALICE
7821,FAZENDA SANTA ALICE
7822,FAZENDA SANTA ALICE
7828,FAZENDA SANTA ALICE
7830,FAZENDA SANTA ALICE
7832,FAZENDA SANTA ALICE
7833,FAZENDA SANTA ALICE
7834,FAZENDA SANTA ALICE
7838,FAZENDA SANTA ALICE
7839,FAZENDA SANTA ALICE
7840,FAZENDA SANTA ALICE
7841,FAZENDA SANTA ALICE
7842,FAZENDA SANTA ALICE
7843,FAZENDA SANTA ALICE
7844,FAZENDA SANTA ALICE
7845,FAZENDA SANTA ALICE
7846,FAZENDA SANTA ALICE
7863,FAZENDA SANTA ALICE
7864,FAZENDA SANTA ALICE
7871,FAZENDA SANTA ALICE
7872,FAZENDA SANTA ALICE
7873,FAZENDA SANTA ALICE
7875,FAZENDA SANTA ALICE
7885,FAZENDA SANTA ALICE
7886,FAZENDA SANTA ALICE
7892,FAZENDA SANTA ALICE
7901,FAZENDA SANTA ALICE
7928,FAZENDA SANTA ALICE
7929,FAZENDA SANTA ALICE
7930,FAZENDA SANTA ALICE
7932,FAZENDA SANTA ALICE
7945,FAZENDA SANTA ALICE
7984,FAZENDA SANTA ALICE
7985,FAZENDA SANTA ALICE
7986,FAZENDA SANTA ALICE
7987,FAZENDA SANTA ALICE
7989,FAZENDA SANTA ALICE
7991,FAZENDA SANTA ALICE
7992,FAZENDA SANTA ALICE
7993,FAZENDA SANTA ALICE
7995,FAZENDA SANTA ALICE
8018,FAZENDA SANTA ALICE
8019,FAZENDA SANTA ALICE
8020,FAZENDA SANTA ALICE
8021,FAZENDA SANTA ALICE
8022,FAZENDA SANTA ALICE
8023,FAZENDA SANTA ALICE
8024,FAZENDA SANTA ALICE
8026,FAZENDA SANTA ALICE
8027,FAZENDA SANTA ALICE
8032,FAZENDA SANTA ALICE
8033,FAZENDA SANTA ALICE
8034,FAZENDA SANTA ALICE
8035,FAZENDA SANTA ALICE
8036,FAZENDA SANTA ALICE
8037,FAZENDA SANTA ALICE
8038,FAZENDA SANTA ALICE
8039,FAZENDA SANTA ALICE
8044,FAZENDA SANTA ALICE
8057,FAZENDA SANTA ALICE
8058,FAZENDA SANTA ALICE
8059,FAZENDA SANTA ALICE
8060,FAZENDA SANTA ALICE
8061,FAZENDA SANTA ALICE
8062,FAZENDA SANTA ALICE
8063,FAZENDA SANTA ALICE
8081,FAZENDA SANTA ALICE
8085,FAZENDA SANTA ALICE
8086,FAZENDA SANTA ALICE
8087,FAZENDA SANTA ALICE
8092,FAZENDA SANTA ALICE
8096,FAZENDA SANTA ALICE
8098,FAZENDA SANTA ALICE
8105,FAZENDA SANTA ALICE
8106,FAZENDA SANTA ALICE
8110,FAZENDA SANTA ALICE
8111,FAZENDA SANTA ALICE
8112,FAZENDA SANTA ALICE
8113,FAZENDA SANTA ALICE
8115,FAZENDA SANTA ALICE
8120,FAZENDA SANTA ALICE
8121,FAZENDA SANTA ALICE
8122,FAZENDA SANTA ALICE
8123,FAZENDA SANTA ALICE
8124,FAZENDA SANTA ALICE
8125,FAZENDA SANTA ALICE
8126,FAZENDA SANTA ALICE
8127,FAZENDA SANTA ALICE
8184,FAZENDA SANTA ALICE
8187,FAZENDA SANTA ALICE
8212,FAZENDA SANTA ALICE
8213,FAZENDA SANTA ALICE
8214,FAZENDA SANTA ALICE
8215,FAZENDA SANTA ALICE
8216,FAZENDA SANTA ALICE
8217,FAZENDA SANTA ALICE
8222,FAZENDA SANTA ALICE
8229,FAZENDA SANTA ALICE
8231,FAZENDA SANTA ALICE
8232,FAZENDA SANTA ALICE
8236,FAZENDA SANTA ALICE
8238,FAZENDA SANTA ALICE
8239,FAZENDA SANTA ALICE
8242,FAZENDA SANTA ALICE
8246,FAZENDA SANTA ALICE
8280,FAZENDA SANTA ALICE
8307,FAZENDA SANTA ALICE
8308,FAZENDA SANTA ALICE
8309,FAZENDA SANTA ALICE
8310,FAZENDA SANTA ALICE
8311,FAZENDA SANTA ALICE
8312,FAZENDA SANTA ALICE
8320,FAZENDA SANTA ALICE
8347,FAZENDA SANTA ALICE
8348,FAZENDA SANTA ALICE
8349,FAZENDA SANTA ALICE
8350,FAZENDA SANTA ALICE
8351,FAZENDA SANTA ALICE
8352,FAZENDA SANTA ALICE
8359,FAZENDA SANTA ALICE
8360,FAZENDA SANTA ALICE
8361,FAZENDA SANTA ALICE
8362,FAZENDA SANTA ALICE
8363,FAZENDA SANTA ALICE
8364,FAZENDA SANTA ALICE
8391,FAZENDA SANTA ALICE
8394,FAZENDA SANTA ALICE
8402,FAZENDA SANTA ALICE
8408,FAZENDA SANTA ALICE
8409,FAZENDA SANTA ALICE
8410,FAZENDA SANTA ALICE
8411,FAZENDA SANTA ALICE
8412,FAZENDA SANTA ALICE
8413,FAZENDA SANTA ALICE
8414,FAZENDA SANTA ALICE
8415,FAZENDA SANTA ALICE
8419,FAZENDA SANTA ALICE
8429,FAZENDA SANTA ALICE
8431,FAZENDA SANTA ALICE
8432,FAZENDA SANTA ALICE
8437,FAZENDA SANTA ALICE
8438,FAZENDA SANTA ALICE
8439,FAZENDA SANTA ALICE
8440,FAZENDA SANTA ALICE
8453,FAZENDA SANTA ALICE
8482,FAZENDA SANTA ALICE
8484,FAZENDA SANTA ALICE
8487,FAZENDA SANTA ALICE
8489,FAZENDA SANTA ALICE
8490,FAZENDA SANTA ALICE
8491,FAZENDA SANTA ALICE
8499,FAZENDA SANTA ALICE
8500,FAZENDA SANTA ALICE
8501,FAZENDA SANTA ALICE
8502,FAZENDA SANTA ALICE
8504,FAZENDA SANTA ALICE
8505,FAZENDA SANTA ALICE
8506,FAZENDA SANTA ALICE
8507,FAZENDA SANTA ALICE
8512,FAZENDA SANTA ALICE
8513,FAZENDA SANTA ALICE
8514,FAZENDA SANTA ALICE
8534,FAZENDA SANTA ALICE
8556,FAZENDA SANTA ALICE
8600,FAZENDA SANTA ALICE
8606,FAZENDA SANTA ALICE
8607,FAZENDA SANTA ALICE
8610,FAZENDA SANTA ALICE
8611,FAZENDA SANTA ALICE
8612,FAZENDA SANTA ALICE
8617,FAZENDA SANTA ALICE
8626,FAZENDA SANTA ALICE
8628,FAZENDA SANTA ALICE
8634,FAZENDA SANTA ALICE
8641,FAZENDA SANTA ALICE
8642,FAZENDA SANTA ALICE
8644,FAZENDA SANTA ALICE
8659,FAZENDA SANTA ALICE
8661,FAZENDA SANTA ALICE
8664,FAZENDA SANTA ALICE
8669,FAZENDA SANTA ALICE
8670,FAZENDA SANTA ALICE
8671,FAZENDA SANTA ALICE
8695,FAZENDA SANTA ALICE
8696,FAZENDA SANTA ALICE
8698,FAZENDA SANTA ALICE
8699,FAZENDA SANTA ALICE
8700,FAZENDA SANTA ALICE
8701,FAZENDA SANTA ALICE
8710,FAZENDA SANTA ALICE
8711,FAZENDA SANTA ALICE
8712,FAZENDA SANTA ALICE
8713,FAZENDA SANTA ALICE
8716,FAZENDA SANTA ALICE
8717,FAZENDA SANTA ALICE
8718,FAZENDA SANTA ALICE
8719,FAZENDA SANTA ALICE
8720,FAZENDA SANTA ALICE
8723,FAZENDA SANTA ALICE
8724,FAZENDA SANTA ALICE
8725,FAZENDA SANTA ALICE
8729,FAZENDA SANTA ALICE
8735,FAZENDA SANTA ALICE
8736,FAZENDA SANTA ALICE
8737,FAZENDA SANTA ALICE
8757,FAZENDA SANTA ALICE
8758,FAZENDA SANTA ALICE
8841,FAZENDA SANTA ALICE
8842,FAZENDA SANTA ALICE
8851,FAZENDA SANTA ALICE
8916,FAZENDA SANTA ALICE
8923,FAZENDA SANTA ALICE
8929,FAZENDA SANTA ALICE
8931,FAZENDA SANTA ALICE
8935,FAZENDA SANTA ALICE
8945,FAZENDA SANTA ALICE
8946,FAZENDA SANTA ALICE
8947,FAZENDA SANTA ALICE
8958,FAZENDA SANTA ALICE
8959,FAZENDA SANTA ALICE
8960,FAZENDA SANTA ALICE
8961,FAZENDA SANTA ALICE
8962,FAZENDA SANTA ALICE
8971,FAZENDA SANTA ALICE
8974,FAZENDA SANTA ALICE
8975,FAZENDA SANTA ALICE
8978,FAZENDA SANTA ALICE
8981,FAZENDA SANTA ALICE
8982,FAZENDA SANTA ALICE
8983,FAZENDA SANTA ALICE
9011,FAZENDA SANTA ALICE
9013,FAZENDA SANTA ALICE
9014,FAZENDA SANTA ALICE
9015,FAZENDA SANTA ALICE
9016,FAZENDA SANTA ALICE
9028,FAZENDA SANTA ALICE
9029,FAZENDA SANTA ALICE
9046,FAZENDA SANTA ALICE
9049,FAZENDA SANTA ALICE
9050,FAZENDA SANTA ALICE
9052,FAZENDA SANTA ALICE
9102,FAZENDA SANTA ALICE
9104,FAZENDA SANTA ALICE
9106,FAZENDA SANTA ALICE
9107,FAZENDA SANTA ALICE
9108,FAZENDA SANTA ALICE
9110,FAZENDA SANTA ALICE
9111,FAZENDA SANTA ALICE
9114,FAZENDA SANTA ALICE
9115,FAZENDA SANTA ALICE
9116,FAZENDA SANTA ALICE
9174,FAZENDA SANTA ALICE
9181,FAZENDA SANTA ALICE
9182,FAZENDA SANTA ALICE
9183,FAZENDA SANTA ALICE
9184,FAZENDA SANTA ALICE
9194,FAZENDA SANTA ALICE
9196,FAZENDA SANTA ALICE
9204,FAZENDA SANTA ALICE
9205,FAZENDA SANTA ALICE
9206,FAZENDA SANTA ALICE
9207,FAZENDA SANTA ALICE
9223,FAZENDA SANTA ALICE
9224,FAZENDA SANTA ALICE
9225,FAZENDA SANTA ALICE
9231,FAZENDA SANTA ALICE
9233,FAZENDA SANTA ALICE
9234,FAZENDA SANTA ALICE
9235,FAZENDA SANTA ALICE
9238,FAZENDA SANTA ALICE
9240,FAZENDA SANTA ALICE
9265,FAZENDA SANTA ALICE
9279,FAZENDA SANTA ALICE
9280,FAZENDA SANTA ALICE
9281,FAZENDA SANTA ALICE
9282,FAZENDA SANTA ALICE
9283,FAZENDA SANTA ALICE
9299,FAZENDA SANTA ALICE
9352,FAZENDA SANTA ALICE
9353,FAZENDA SANTA ALICE
9354,FAZENDA SANTA ALICE
9356,FAZENDA SANTA ALICE
9361,FAZENDA SANTA ALICE
9362,FAZENDA SANTA ALICE
9363,FAZENDA SANTA ALICE
9366,FAZENDA SANTA ALICE
9368,FAZENDA SANTA ALICE
9373,FAZENDA SANTA ALICE
9374,FAZENDA SANTA ALICE
9375,FAZENDA SANTA ALICE
9376,FAZENDA SANTA ALICE
9379,FAZENDA SANTA ALICE
9382,FAZENDA SANTA ALICE
9394,FAZENDA SANTA ALICE
9400,FAZENDA SANTA ALICE
9401,FAZENDA SANTA ALICE
9402,FAZENDA SANTA ALICE
9403,FAZENDA SANTA ALICE
9408,FAZENDA SANTA ALICE
9409,FAZENDA SANTA ALICE
9410,FAZENDA SANTA ALICE
9416,FAZENDA SANTA ALICE
9424,FAZENDA SANTA ALICE
9425,FAZENDA SANTA ALICE
9429,FAZENDA SANTA ALICE
9430,FAZENDA SANTA ALICE
9431,FAZENDA SANTA ALICE
9437,FAZENDA SANTA ALICE
9493,FAZENDA SANTA ALICE
9494,FAZENDA SANTA ALICE
9500,FAZENDA SANTA ALICE
9502,FAZENDA SANTA ALICE
9503,FAZENDA SANTA ALICE
9504,FAZENDA SANTA ALICE
9506,FAZENDA SANTA ALICE
9508,FAZENDA SANTA ALICE
9509,FAZENDA SANTA ALICE
9510,FAZENDA SANTA ALICE
9511,FAZENDA SANTA ALICE
9512,FAZENDA SANTA ALICE
9513,FAZENDA SANTA ALICE
9514,FAZENDA SANTA ALICE
9518,FAZENDA SANTA ALICE
9531,FAZENDA SANTA ALICE
9538,FAZENDA SANTA ALICE
9539,FAZENDA SANTA ALICE
9540,FAZENDA SANTA ALICE
9605,FAZENDA SANTA ALICE
9606,FAZENDA SANTA ALICE
9609,FAZENDA SANTA ALICE
9626,FAZENDA SANTA ALICE
9628,FAZENDA SANTA ALICE
9629,FAZENDA SANTA ALICE
9638,FAZENDA SANTA ALICE
9639,FAZENDA SANTA ALICE
9642,FAZENDA SANTA ALICE
9645,FAZENDA SANTA ALICE
9665,FAZENDA SANTA ALICE
9677,FAZENDA SANTA ALICE
9678,FAZENDA SANTA ALICE
9679,FAZENDA SANTA ALICE
9681,FAZENDA SANTA ALICE
9683,FAZENDA SANTA ALICE
9684,FAZENDA SANTA ALICE
9685,FAZENDA SANTA ALICE
9686,FAZENDA SANTA ALICE
9688,FAZENDA SANTA ALICE
9694,FAZENDA SANTA ALICE
9695,FAZENDA SANTA ALICE
9696,FAZENDA SANTA ALICE
9846,FAZENDA SANTA ALICE
9849,FAZENDA SANTA ALICE
9851,FAZENDA SANTA ALICE
9852,FAZENDA SANTA ALICE
9853,FAZENDA SANTA ALICE
9854,FAZENDA SANTA ALICE
9855,FAZENDA SANTA ALICE
9856,FAZENDA SANTA ALICE
9865,FAZENDA SANTA ALICE
9881,FAZENDA SANTA ALICE
9890,FAZENDA SANTA ALICE
9893,FAZENDA SANTA ALICE
9897,FAZENDA SANTA ALICE
9900,FAZENDA SANTA ALICE
9939,FAZENDA SANTA ALICE
9940,FAZENDA SANTA ALICE
9941,FAZENDA SANTA ALICE
9942,FAZENDA SANTA ALICE
9943,FAZENDA SANTA ALICE
9944,FAZENDA SANTA ALICE
9945,FAZENDA SANTA ALICE
9946,FAZENDA SANTA ALICE
9947,FAZENDA SANTA ALICE
9948,FAZENDA SANTA ALICE
9949,FAZENDA SANTA ALICE
9950,FAZENDA SANTA ALICE
9951,FAZENDA SANTA ALICE
9952,FAZENDA SANTA ALICE
9953,FAZENDA SANTA ALICE
9954,FAZENDA SANTA ALICE
9955,FAZENDA SANTA ALICE
9956,FAZENDA SANTA ALICE
9957,FAZENDA SANTA ALICE
9959,FAZENDA SANTA ALICE
9960,FAZENDA SANTA ALICE
9962,FAZENDA SANTA ALICE
9963,FAZENDA SANTA ALICE
9964,FAZENDA SANTA ALICE
9965,FAZENDA SANTA ALICE
9966,FAZENDA SANTA ALICE
9967,FAZENDA SANTA ALICE
9968,FAZENDA SANTA ALICE
9969,FAZENDA SANTA ALICE
9970,FAZENDA SANTA ALICE
9971,FAZENDA SANTA ALICE
9972,FAZENDA SANTA ALICE
9973,FAZENDA SANTA ALICE
9974,FAZENDA SANTA ALICE
9975,FAZENDA SANTA ALICE
9976,FAZENDA SANTA ALICE
9977,FAZENDA SANTA ALICE
9978,FAZENDA SANTA ALICE
9979,FAZENDA SANTA ALICE
9980,FAZENDA SANTA ALICE
9981,FAZENDA SANTA ALICE
9986,FAZENDA SANTA ALICE
10007,FAZENDA SANTA ALICE
10019,FAZENDA SANTA ALICE
10041,FAZENDA SANTA ALICE
